name,email,date_of_birth,mobile_no,above_18,first_name,last_name,membership_id
Patty Smith,Patty_Smith@ross.com,19750827,59428759,True,Patty,Smith,Smith_412fe
Sean Wang,Sean_Wang@gibson-calderon.com,19600311,25595367,True,Sean,Wang,Wang_18c30
Richard Estrada,Richard_Estrada@malone.com,19921015,22821527,True,Richard,Estrada,Estrada_c5b43
Jackson Cline,Jackson_Cline@hudson.net,19710121,48056519,True,Jackson,Cline,Cline_79302
Allen Williams,Allen_Williams@sanchez.net,19971109,77991519,True,Allen,Williams,Williams_4dff2
Eric Flores,Eric_Flores@dillon-patterson.com,19820701,36641663,True,Eric,Flores,Flores_2eaaf
Anna Richardson,Anna_Richardson@perry.com,19670223,64083047,True,Anna,Richardson,Richardson_a36f3
Benjamin Smith,Benjamin_Smith@christian-contreras.com,19871223,95835639,True,Benjamin,Smith,Smith_052c1
Taylor Gomez,Taylor_Gomez@johnston.com,19821022,24007567,True,Taylor,Gomez,Gomez_bc9ed
Jeremy Rodriguez,Jeremy_Rodriguez@roth.com,19780828,32567967,True,Jeremy,Rodriguez,Rodriguez_39db3
April Garcia,April_Garcia@hall.com,19871231,24650447,True,April,Garcia,Garcia_74ec1
Sharon Garza,Sharon_Garza@duran.com,20020830,59411567,True,Sharon,Garza,Garza_2e576
Lori Sanchez,Lori_Sanchez@hardin-warner.net,19980420,76989167,True,Lori,Sanchez,Sanchez_6fc4b
Joseph Reed,Joseph_Reed@kelley.com,19511220,18798163,True,Joseph,Reed,Reed_87015
Jason Armstrong,Jason_Armstrong@curtis.com,19921116,68514503,True,Jason,Armstrong,Armstrong_46fd9
Jessica Allison,Jessica_Allison@harper.com,19721030,66821135,True,Jessica,Allison,Allison_d762d
Arthur Hall,Arthur_Hall@gonzalez.com,19941103,65493407,True,Arthur,Hall,Hall_2f124
Sherry Meza,Sherry_Meza@west.com,19970904,33491119,True,Sherry,Meza,Meza_68aed
Matthew Turner,Matthew_Turner@martinez.com,19940707,73291455,True,Matthew,Turner,Turner_7271b
Jeffrey Bauer,Jeffrey_Bauer@garza.com,19660813,51154803,True,Jeffrey,Bauer,Bauer_3b2b1
Sophia Randolph,Sophia_Randolph@leonard-ramirez.com,19500807,94510479,True,Sophia,Randolph,Randolph_f6d07
Marissa Matthews,Marissa_Matthews@graves.com,19720221,20636447,True,Marissa,Matthews,Matthews_47fc0
Samuel Thompson,Samuel_Thompson@sanchez-carroll.com,19840403,99063183,True,Samuel,Thompson,Thompson_3682a
Zachary Lee,Zachary_Lee@smith.com,19870704,36447751,True,Zachary,Lee,Lee_158ff
Kara Pittman,Kara_Pittman@gomez-vaughn.com,19680525,80502567,True,Kara,Pittman,Pittman_a53ec
Charles Ruiz,Charles_Ruiz@sullivan-jones.com,19680113,85158255,True,Charles,Ruiz,Ruiz_a474a
Rachel Shaw,Rachel_Shaw@stevenson-martinez.com,19581223,66511687,True,Rachel,Shaw,Shaw_7d1ef
James Miller,James_Miller@nguyen.com,19710831,64917031,True,James,Miller,Miller_81093
Gabriella Anthony,Gabriella_Anthony@castro.com,19970106,89108943,True,Gabriella,Anthony,Anthony_c2583
Misty Cantrell,Misty_Cantrell@flores-decker.com,19570303,79619831,True,Misty,Cantrell,Cantrell_0f02e
Kelly Guerrero,Kelly_Guerrero@riggs.com,19970203,53052583,True,Kelly,Guerrero,Guerrero_d30ee
David Nichols,David_Nichols@rocha.com,19620819,62269575,True,David,Nichols,Nichols_8619b
Shawn Galloway,Shawn_Galloway@johnston.com,19850419,17471367,True,Shawn,Galloway,Galloway_9ea3e
Fernando Salazar,Fernando_Salazar@humphrey.com,19720419,71192443,True,Fernando,Salazar,Salazar_a1c1e
Dennis Sanford,Dennis_Sanford@lopez-archer.com,19800806,88084407,True,Dennis,Sanford,Sanford_c54cb
Amanda Murphy,Amanda_Murphy@bright-gibbs.net,20000730,30501351,True,Amanda,Murphy,Murphy_8dff1
Bobby Martin,Bobby_Martin@jackson.com,20000331,43871143,True,Bobby,Martin,Martin_52828
Lauren Jones,Lauren_Jones@castaneda.com,19870724,96512831,True,Lauren,Jones,Jones_4ce64
Vernon Bishop,Vernon_Bishop@clark-larson.com,19730710,78396487,True,Vernon,Bishop,Bishop_07be4
Phillip Meyers,Phillip_Meyers@mcneil-williams.com,19601022,95409119,True,Phillip,Meyers,Meyers_4a577
Jeremy Strickland,Jeremy_Strickland@adkins.com,19501223,20151487,True,Jeremy,Strickland,Strickland_fe279
Robert Martin,Robert_Martin@crawford.com,19500718,78547615,True,Robert,Martin,Martin_c1933
Marc Davis,Marc_Davis@harris.com,19800520,96597403,True,Marc,Davis,Davis_3ecf5
William Taylor,William_Taylor@warner-morgan.net,19860131,42996791,True,William,Taylor,Taylor_67928
Alyssa Pierce,Alyssa_Pierce@ruiz.com,19680516,95839991,True,Alyssa,Pierce,Pierce_65c7e
Michael Brady,Michael_Brady@wells-sanders.com,19500323,65342263,True,Michael,Brady,Brady_77a22
James Rhodes,James_Rhodes@green.com,19771010,27465295,True,James,Rhodes,Rhodes_26216
Ryan Ramirez,Ryan_Ramirez@pham.com,19850425,67907071,True,Ryan,Ramirez,Ramirez_ee922
Stephen Thompson,Stephen_Thompson@hess.com,19511112,75033031,True,Stephen,Thompson,Thompson_ed81f
Susan Williams,Susan_Williams@rowland.com,19760512,95688383,True,Susan,Williams,Williams_89ae4
Nancy Aguilar,Nancy_Aguilar@lane.com,19950811,97516423,True,Nancy,Aguilar,Aguilar_3eda7
Jessica Williams,Jessica_Williams@thomas-martin.com,19730824,26472931,True,Jessica,Williams,Williams_ad04a
Dylan Johnson,Dylan_Johnson@montgomery.com,19960107,52048815,True,Dylan,Johnson,Johnson_0492a
Pamela King,Pamela_King@soto.net,19930929,72515095,True,Pamela,King,King_7b56d
Robert Smith,Robert_Smith@joyce.com,19870424,76366335,True,Robert,Smith,Smith_e9ca4
Samantha Gonzalez,Samantha_Gonzalez@rios-fletcher.com,19980829,40456647,True,Samantha,Gonzalez,Gonzalez_30ae8
Terry Pierce,Terry_Pierce@warner-reyes.com,19640910,91518459,True,Terry,Pierce,Pierce_dc92b
Jeffery Walker,Jeffery_Walker@watson.com,19560624,46574799,True,Jeffery,Walker,Walker_505d0
Todd Alvarez,Todd_Alvarez@vaughn.com,19741125,42011263,True,Todd,Alvarez,Alvarez_338b0
Brett Willis,Brett_Willis@gibbs.com,19610908,86342007,True,Brett,Willis,Willis_0f0ef
Louis Klein,Louis_Klein@phillips-allen.com,19651220,33671863,True,Louis,Klein,Klein_3f3ab
Kristin Wilkins,Kristin_Wilkins@harvey.com,20020511,84393855,True,Kristin,Wilkins,Wilkins_c49da
Joshua Lynch,Joshua_Lynch@daniels.com,19650526,71572839,True,Joshua,Lynch,Lynch_8e321
Deborah Williams,Deborah_Williams@howard.com,19841121,11357647,True,Deborah,Williams,Williams_986fd
Timothy Martin,Timothy_Martin@camacho-sparks.net,20030105,92008191,True,Timothy,Martin,Martin_790e4
Sarah Bright,Sarah_Bright@winters.com,19981115,24327743,True,Sarah,Bright,Bright_e8554
Rebecca Anderson,Rebecca_Anderson@carter-ramirez.com,19730827,27023231,True,Rebecca,Anderson,Anderson_c0d2e
Roger Frost,Roger_Frost@cole-robinson.com,19700217,94120431,True,Roger,Frost,Frost_12503
Toni Dunn,Toni_Dunn@chapman.com,19800831,89674459,True,Toni,Dunn,Dunn_cf319
Eric Dunn,Eric_Dunn@reese.com,19600712,13714207,True,Eric,Dunn,Dunn_3103d
Heather Pierce,Heather_Pierce@williams-edwards.com,19570813,32413999,True,Heather,Pierce,Pierce_73760
Jordan Erickson,Jordan_Erickson@martinez.com,19750802,64756655,True,Jordan,Erickson,Erickson_13d8c
Susan Ali,Susan_Ali@leach.com,19990105,74229143,True,Susan,Ali,Ali_4ee65
Richard Wilson,Richard_Wilson@hernandez.com,19990703,36349175,True,Richard,Wilson,Wilson_fb7d6
Jon Butler,Jon_Butler@blackwell.com,19870318,78121695,True,Jon,Butler,Butler_47f13
Paul Phillips,Paul_Phillips@vance.com,19970216,11213063,True,Paul,Phillips,Phillips_3ed64
Adam Parker,Adam_Parker@yoder.com,19980722,27783391,True,Adam,Parker,Parker_bed65
Cory Walker,Cory_Walker@torres.net,19621208,37614935,True,Cory,Walker,Walker_65391
Jeffrey Sanchez,Jeffrey_Sanchez@jones-butler.com,19950914,73226919,True,Jeffrey,Sanchez,Sanchez_c236d
Bianca Martin,Bianca_Martin@mitchell.com,19780205,86924127,True,Bianca,Martin,Martin_f19d9
Jeffrey King,Jeffrey_King@hicks-boyd.com,19770623,68622991,True,Jeffrey,King,King_33ee8
Shelly Mcdaniel,Shelly_Mcdaniel@little.com,19951028,86599403,True,Shelly,Mcdaniel,Mcdaniel_c81e1
Melanie Wiggins,Melanie_Wiggins@mcdonald-rice.com,20000214,91699615,True,Melanie,Wiggins,Wiggins_3fcc7
Daniel Smith,Daniel_Smith@cummings.com,19860308,26613823,True,Daniel,Smith,Smith_78c10
Christopher Smith,Christopher_Smith@lamb.com,19810707,42594715,True,Christopher,Smith,Smith_d4c03
Marc Love,Marc_Love@martin.com,19550722,96796419,True,Marc,Love,Love_f95e8
Scott Lawrence,Scott_Lawrence@aguilar.com,19760104,59217375,True,Scott,Lawrence,Lawrence_f9a1b
James Sosa,James_Sosa@robles-hawkins.com,19571108,47053447,True,James,Sosa,Sosa_c0a3c
Jamie Jackson,Jamie_Jackson@carr.com,19770526,71512687,True,Jamie,Jackson,Jackson_cac35
Jeffrey Hatfield,Jeffrey_Hatfield@morgan-erickson.com,19701014,69441735,True,Jeffrey,Hatfield,Hatfield_aa927
James Phillips,James_Phillips@green-taylor.com,19611019,89808183,True,James,Phillips,Phillips_77bc4
Jessica Moore,Jessica_Moore@harrison-bautista.com,19990509,27155335,True,Jessica,Moore,Moore_832b8
Debra Peters,Debra_Peters@smith.com,19820804,69115179,True,Debra,Peters,Peters_f2c79
Richard Anderson,Richard_Anderson@peck-franklin.com,19700405,24730327,True,Richard,Anderson,Anderson_e70b4
Lauren Hahn,Lauren_Hahn@simmons.com,19720620,15132727,True,Lauren,Hahn,Hahn_337ba
Joseph Perez,Joseph_Perez@ryan.com,19740909,61876187,True,Joseph,Perez,Perez_1b36c
Faith Edwards,Faith_Edwards@price.net,19770726,44653063,True,Faith,Edwards,Edwards_d2fa8
Laura Vargas,Laura_Vargas@gallagher-young.com,19771009,40816943,True,Laura,Vargas,Vargas_38910
Sarah Lewis,Sarah_Lewis@wyatt.com,19810225,37945839,True,Sarah,Lewis,Lewis_b0aff
Brad Huff,Brad_Huff@moore.com,19611227,28207575,True,Brad,Huff,Huff_c802f
Thomas Sanchez,Thomas_Sanchez@cunningham-reid.net,19570914,23994083,True,Thomas,Sanchez,Sanchez_5966e
Alexander Richardson,Alexander_Richardson@perez.com,19581025,34675335,True,Alexander,Richardson,Richardson_07922
Matthew Moore,Matthew_Moore@nichols.com,20030707,66391671,True,Matthew,Moore,Moore_da601
Joseph Howard,Joseph_Howard@williams.com,19520726,46746383,True,Joseph,Howard,Howard_f669c
Jacqueline Phillips,Jacqueline_Phillips@larson.com,19880118,55793915,True,Jacqueline,Phillips,Phillips_40854
Anne Richards,Anne_Richards@mccarthy.com,19690906,84963423,True,Anne,Richards,Richards_cacd6
Derek Thomas,Derek_Thomas@green.com,19640724,37329863,True,Derek,Thomas,Thomas_54e60
Joseph Bonilla,Joseph_Bonilla@freeman.com,19740508,66912183,True,Joseph,Bonilla,Bonilla_cbd28
Gary Barber,Gary_Barber@roberts.net,19551112,44790343,True,Gary,Barber,Barber_73098
Brian Johnson,Brian_Johnson@carr.com,19810617,76631695,True,Brian,Johnson,Johnson_3d5ee
Christine Peterson,Christine_Peterson@hamilton.com,19741119,57627175,True,Christine,Peterson,Peterson_31fb5
Christopher Bautista,Christopher_Bautista@rodgers.com,19941202,48834663,True,Christopher,Bautista,Bautista_87741
Barbara Krueger,Barbara_Krueger@strong.com,19520322,30905343,True,Barbara,Krueger,Krueger_f8155
Monica Oconnor,Monica_Oconnor@gordon.com,19800701,97887295,True,Monica,Oconnor,Oconnor_59149
Peggy Johnson,Peggy_Johnson@berg.com,19720328,34795631,True,Peggy,Johnson,Johnson_039e9
Susan Herrera,Susan_Herrera@gomez.com,19550826,24027735,True,Susan,Herrera,Herrera_1fc9a
Andrew Matthews,Andrew_Matthews@ramos-vaughn.com,19880219,90821359,True,Andrew,Matthews,Matthews_5a732
Erin Kennedy,Erin_Kennedy@hendricks-mason.com,19650109,35865639,True,Erin,Kennedy,Kennedy_be3d8
Jason Lopez,Jason_Lopez@wood-hill.com,19740830,11287127,True,Jason,Lopez,Lopez_7d152
Jerry Clark,Jerry_Clark@perez.com,19950928,46859655,True,Jerry,Clark,Clark_70bf4
Alyssa Kim,Alyssa_Kim@beck-zuniga.com,19900811,59732335,True,Alyssa,Kim,Kim_cbd5a
Courtney Williams,Courtney_Williams@garner.com,19990919,27598999,True,Courtney,Williams,Williams_42b01
Kevin Haynes,Kevin_Haynes@jones.com,19690624,75433787,True,Kevin,Haynes,Haynes_ee6be
John Hicks,John_Hicks@weber.com,19530912,95395487,True,John,Hicks,Hicks_5c1b9
Eric Kennedy,Eric_Kennedy@mcdonald.com,19990522,77994331,True,Eric,Kennedy,Kennedy_b4a9a
Matthew Nelson,Matthew_Nelson@hunt.com,19580127,45515247,True,Matthew,Nelson,Nelson_9c89f
Carolyn Glover,Carolyn_Glover@walker.com,19790714,87832791,True,Carolyn,Glover,Glover_c83bf
Robert Moore,Robert_Moore@young.com,19550415,19512199,True,Robert,Moore,Moore_2c198
Nicole Mcgee,Nicole_Mcgee@reyes.com,19590303,34539135,True,Nicole,Mcgee,Mcgee_42c7a
Danielle Hunter,Danielle_Hunter@ballard.com,19710811,99947039,True,Danielle,Hunter,Hunter_05eb5
Kelly Perez,Kelly_Perez@ward-wilson.com,19600519,60614735,True,Kelly,Perez,Perez_df68d
Mary Odom,Mary_Odom@morgan-reynolds.com,19630813,98738367,True,Mary,Odom,Odom_9de7f
Arthur Gibson,Arthur_Gibson@thompson-thompson.com,19610603,75411807,True,Arthur,Gibson,Gibson_76c4a
Miss Katherine Brennan,Katherine_Brennan@garcia.net,19771113,37918255,True,Miss,Brennan,Brennan_57a64
Christopher Miller,Christopher_Miller@kelly.com,19850131,16222031,True,Christopher,Miller,Miller_294fe
Amber Hopkins,Amber_Hopkins@hall.com,19750831,15289039,True,Amber,Hopkins,Hopkins_cdba3
Christine Lara,Christine_Lara@barnes-lee.com,19590103,77716475,True,Christine,Lara,Lara_93451
Nancy Garcia,Nancy_Garcia@lewis-hayden.com,19680305,62971303,True,Nancy,Garcia,Garcia_2115f
Alex Rhodes,Alex_Rhodes@russell.net,19780913,75808519,True,Alex,Rhodes,Rhodes_ba4f4
Daniel Bennett,Daniel_Bennett@stephens-oneill.com,19730228,20776023,True,Daniel,Bennett,Bennett_d0ae0
Kevin Woodard,Kevin_Woodard@lynch.com,19550809,30319911,True,Kevin,Woodard,Woodard_55f6f
Todd Wheeler,Todd_Wheeler@woods.com,19960904,50356375,True,Todd,Wheeler,Wheeler_27863
Linda Woods,Linda_Woods@diaz.com,19611127,81195711,True,Linda,Woods,Woods_e46fb
Alan Peterson,Alan_Peterson@burch.com,19760129,88993663,True,Alan,Peterson,Peterson_e9c60
Jacob Grant,Jacob_Grant@cummings.com,19911204,94196575,True,Jacob,Grant,Grant_d37ef
Gabrielle Johnson,Gabrielle_Johnson@serrano.com,19581006,35424207,True,Gabrielle,Johnson,Johnson_28f6e
Anne Howard,Anne_Howard@rowe.com,19690610,35198251,True,Anne,Howard,Howard_87a33
Caleb Morales,Caleb_Morales@collins.com,19660329,69459679,True,Caleb,Morales,Morales_be87a
James Dominguez,James_Dominguez@black.com,19881205,49527207,True,James,Dominguez,Dominguez_f195c
Kathryn Cardenas,Kathryn_Cardenas@skinner.com,19830508,81016239,True,Kathryn,Cardenas,Cardenas_ab1df
Jeffrey Santiago,Jeffrey_Santiago@duncan.com,19750228,93827623,True,Jeffrey,Santiago,Santiago_5612b
Andrew Mclaughlin,Andrew_Mclaughlin@fitzpatrick-lucas.com,19730514,66417719,True,Andrew,Mclaughlin,Mclaughlin_b6db1
Bryan Porter,Bryan_Porter@elliott.com,19570214,88089671,True,Bryan,Porter,Porter_e2170
Brendan Smith,Brendan_Smith@williams.com,19580516,67839775,True,Brendan,Smith,Smith_6962f
Amy Wilson,Amy_Wilson@cortez.net,19740412,64392323,True,Amy,Wilson,Wilson_c74fa
David Clark,David_Clark@fleming.com,19850801,44834223,True,David,Clark,Clark_21a49
Erika Joseph,Erika_Joseph@romero.com,19810303,51075039,True,Erika,Joseph,Joseph_411b7
Jeffrey Hernandez,Jeffrey_Hernandez@mcdaniel.com,19891231,76263607,True,Jeffrey,Hernandez,Hernandez_57239
Michael Miller,Michael_Miller@taylor-moore.com,19640520,17581687,True,Michael,Miller,Miller_c5bc6
Theresa Newman,Theresa_Newman@perry-scott.com,19941129,36575799,True,Theresa,Newman,Newman_399eb
Paul Romero,Paul_Romero@middleton-jones.com,19601007,98843943,True,Paul,Romero,Romero_78f1c
Kathleen Ramirez,Kathleen_Ramirez@banks-wright.com,19550829,40351711,True,Kathleen,Ramirez,Ramirez_ada2d
Janet Choi,Janet_Choi@neal.com,19860718,66675695,True,Janet,Choi,Choi_444b8
Mark Bender,Mark_Bender@oneal-wilkins.com,19690911,27354911,True,Mark,Bender,Bender_eeaf3
Abigail Brown,Abigail_Brown@jones-underwood.com,19801008,15726143,True,Abigail,Brown,Brown_8215a
Antonio Dominguez,Antonio_Dominguez@nichols.com,19801115,75861007,True,Antonio,Dominguez,Dominguez_cd98f
Tony Morris,Tony_Morris@davis.com,19700805,33280551,True,Tony,Morris,Morris_0b9a1
Randy Carlson,Randy_Carlson@rivera.com,19550530,51211679,True,Randy,Carlson,Carlson_1f8b7
Mitchell Pierce,Mitchell_Pierce@houston-conway.net,20010824,96845551,True,Mitchell,Pierce,Pierce_bf6e0
Angela West,Angela_West@anderson-fitzgerald.com,19810427,59397207,True,Angela,West,West_4ea1e
Sherry Lyons,Sherry_Lyons@carson-copeland.com,19980902,47672835,True,Sherry,Lyons,Lyons_18d0c
Jennifer Butler,Jennifer_Butler@arellano-morris.com,19511118,16079075,True,Jennifer,Butler,Butler_9e179
Kevin Peters,Kevin_Peters@edwards.com,19670206,28855487,True,Kevin,Peters,Peters_0a0e9
Benjamin Conway,Benjamin_Conway@burton-paul.com,19551228,23338319,True,Benjamin,Conway,Conway_6fb5e
Noah Mccarty,Noah_Mccarty@rios-oneill.com,19650620,64718427,True,Noah,Mccarty,Mccarty_f96a2
Andrew Stewart,Andrew_Stewart@wong.com,19510212,19799879,True,Andrew,Stewart,Stewart_10309
Brenda Jones,Brenda_Jones@lang.com,19550804,62608823,True,Brenda,Jones,Jones_05ce5
Jerry Shannon,Jerry_Shannon@sweeney-gibbs.com,19510505,86239787,True,Jerry,Shannon,Shannon_5ed23
Blake Brown,Blake_Brown@george-kelly.net,19570615,34835327,True,Blake,Brown,Brown_4f55f
Michael Bowers,Michael_Bowers@klein-barry.com,20020903,70074031,True,Michael,Bowers,Bowers_f4eed
Elizabeth Bailey,Elizabeth_Bailey@stephenson-arnold.com,19630101,20218071,True,Elizabeth,Bailey,Bailey_38ad0
James Cruz,James_Cruz@bender-harris.com,19500730,18758595,True,James,Cruz,Cruz_2b24d
Kelly Levy,Kelly_Levy@barajas.com,19940508,74468255,True,Kelly,Levy,Levy_02270
Thomas Burton,Thomas_Burton@dunn-avery.net,19750419,14613071,True,Thomas,Burton,Burton_88b86
Kimberly Garcia,Kimberly_Garcia@tapia.com,19630801,41397407,True,Kimberly,Garcia,Garcia_fa19c
Paul Peterson,Paul_Peterson@bullock.com,20021225,59148863,True,Paul,Peterson,Peterson_8d81c
Michael Reilly,Michael_Reilly@cooper.net,19720514,33876967,True,Michael,Reilly,Reilly_6e111
Alejandra Martinez,Alejandra_Martinez@jones.com,19791221,87381327,True,Alejandra,Martinez,Martinez_fa369
Timothy Sanders,Timothy_Sanders@harrell.com,19521003,63453583,True,Timothy,Sanders,Sanders_8b401
Latoya Little,Latoya_Little@martinez.com,19780807,43404335,True,Latoya,Little,Little_a70fa
Sarah Harvey,Sarah_Harvey@martin-smith.com,19600331,58520471,True,Sarah,Harvey,Harvey_02633
Aaron Hansen,Aaron_Hansen@mckinney.com,19980128,51639887,True,Aaron,Hansen,Hansen_c726d
Melissa Ortiz,Melissa_Ortiz@lee-malone.com,19580729,49637727,True,Melissa,Ortiz,Ortiz_c839f
Brooke Hernandez,Brooke_Hernandez@benitez.com,19911114,97309975,True,Brooke,Hernandez,Hernandez_e4283
Lisa Livingston,Lisa_Livingston@glover.com,19500423,20519415,True,Lisa,Livingston,Livingston_c8111
Eugene Mason,Eugene_Mason@gardner.com,19781213,47810855,True,Eugene,Mason,Mason_318be
Daniel Cunningham,Daniel_Cunningham@cooper.com,19730326,78657983,True,Daniel,Cunningham,Cunningham_184b7
Alex Smith,Alex_Smith@johnson.com,20020503,58965703,True,Alex,Smith,Smith_a7436
Charles Jennings,Charles_Jennings@cochran.net,19750714,70913863,True,Charles,Jennings,Jennings_4b5fb
Jessica Vargas,Jessica_Vargas@miller-price.net,19810517,48925903,True,Jessica,Vargas,Vargas_4514b
Olivia Clark,Olivia_Clark@wade-roberson.com,19741001,67793735,True,Olivia,Clark,Clark_9e433
Ricky Allen,Ricky_Allen@roberts-mendoza.com,19610619,61433467,True,Ricky,Allen,Allen_3e3ea
Cathy Carney,Cathy_Carney@williams.net,19970522,31104151,True,Cathy,Carney,Carney_61e00
Ashley Spencer,Ashley_Spencer@anderson.com,19910126,68555775,True,Ashley,Spencer,Spencer_31121
Victoria Strickland,Victoria_Strickland@mccarthy-stewart.com,19530730,31595971,True,Victoria,Strickland,Strickland_71f4d
Patrick Smith,Patrick_Smith@molina.net,19720129,76398335,True,Patrick,Smith,Smith_05468
Samuel West,Samuel_West@johnson-ryan.net,20020627,50354899,True,Samuel,West,West_75905
Haley Baldwin,Haley_Baldwin@bush-wolfe.com,19650413,31940631,True,Haley,Baldwin,Baldwin_31453
Alexander Wilson,Alexander_Wilson@barron-garcia.com,19881111,13893319,True,Alexander,Wilson,Wilson_c0ee8
April Cole,April_Cole@vargas.com,19610622,65186503,True,April,Cole,Cole_cc558
Holly Riley,Holly_Riley@stokes.com,19740728,55620431,True,Holly,Riley,Riley_8215f
Jeffrey Poole,Jeffrey_Poole@cross.com,19570204,82077439,True,Jeffrey,Poole,Poole_80769
Rachel Poole,Rachel_Poole@jones.net,19760708,35095087,True,Rachel,Poole,Poole_689b7
Sheena Ward,Sheena_Ward@wilson-mcbride.com,19730926,96834175,True,Sheena,Ward,Ward_45aed
Cynthia Smith,Cynthia_Smith@smith.com,19510905,48760255,True,Cynthia,Smith,Smith_ed4b2
Kevin Clayton,Kevin_Clayton@miller.com,19750708,25081071,True,Kevin,Clayton,Clayton_5dbe2
Deanna Smith,Deanna_Smith@cooke.com,19510416,50395271,True,Deanna,Smith,Smith_ce06c
Sarah Coleman,Sarah_Coleman@novak.com,19500119,37411775,True,Sarah,Coleman,Coleman_546f6
Kurt Butler,Kurt_Butler@taylor.net,19640621,43394675,True,Kurt,Butler,Butler_3f203
Cody Becker,Cody_Becker@hansen.com,19601216,76003567,True,Cody,Becker,Becker_f48b7
Miss Molly Miller,Molly_Miller@king-kelly.net,19771105,99947663,True,Miss,Miller,Miller_4454e
Craig Bailey,Craig_Bailey@hancock-brown.com,19970713,33032303,True,Craig,Bailey,Bailey_20333
Patricia Gray,Patricia_Gray@dawson.com,19660319,18281751,True,Patricia,Gray,Gray_ab06c
Robert Rivera,Robert_Rivera@gibson.com,19500722,35020847,True,Robert,Rivera,Rivera_973ae
Miss Michelle Lewis,Michelle_Lewis@wiggins-thornton.com,19830121,64700455,True,Miss,Lewis,Lewis_5cfc6
John Owens,John_Owens@callahan.com,19670424,71230983,True,John,Owens,Owens_e903f
Sarah Smith,Sarah_Smith@kirk.com,19680804,22702359,True,Sarah,Smith,Smith_fbd4e
Nancy Lucas,Nancy_Lucas@aguilar.com,19830706,91477863,True,Nancy,Lucas,Lucas_1b43a
Christina Murray,Christina_Murray@collins-day.com,19791217,35027583,True,Christina,Murray,Murray_a2bb3
Emma Berry,Emma_Berry@charles.com,19940107,34612959,True,Emma,Berry,Berry_7ccc8
Christopher Gross,Christopher_Gross@grimes.net,20031114,49217831,True,Christopher,Gross,Gross_2a1bd
Jason Hawkins,Jason_Hawkins@adams-hunter.com,19541001,31750255,True,Jason,Hawkins,Hawkins_6e87e
Jeffrey Rodriguez,Jeffrey_Rodriguez@johnson-white.com,19690718,29947599,True,Jeffrey,Rodriguez,Rodriguez_d4452
Christina Miller,Christina_Miller@marshall-lucas.com,19530425,92153503,True,Christina,Miller,Miller_03bda
Maria Miller,Maria_Miller@roberts.com,19941221,86317751,True,Maria,Miller,Miller_c4ffa
Eileen Davis,Eileen_Davis@knox.com,19520404,19544735,True,Eileen,Davis,Davis_eff90
John Kelley,John_Kelley@george-barker.com,19960928,99919107,True,John,Kelley,Kelley_64926
Harry Miller,Harry_Miller@warner-jackson.com,19890613,63478047,True,Harry,Miller,Miller_5d7ba
Ellen Montes,Ellen_Montes@sellers.com,19610714,16519759,True,Ellen,Montes,Montes_b79fd
Gregory Mclean,Gregory_Mclean@valencia.com,19610801,38860951,True,Gregory,Mclean,Mclean_aac10
Angela Spencer,Angela_Spencer@lopez.com,19980502,18410783,True,Angela,Spencer,Spencer_0bd1c
Christina Price,Christina_Price@kennedy-tran.com,19860508,65381695,True,Christina,Price,Price_869f0
Michael Morris,Michael_Morris@nelson.net,19790924,62959695,True,Michael,Morris,Morris_87709
Amber Randall,Amber_Randall@boyd-freeman.net,19520910,60506343,True,Amber,Randall,Randall_04cc7
Matthew Morris,Matthew_Morris@boyle-novak.com,19981111,49822607,True,Matthew,Morris,Morris_1bf89
Cindy Blackburn,Cindy_Blackburn@bolton.net,20001008,86098071,True,Cindy,Blackburn,Blackburn_c39cf
Matthew Jacobson,Matthew_Jacobson@bishop-thomas.com,19510412,99110191,True,Matthew,Jacobson,Jacobson_0811a
Stacy Jones,Stacy_Jones@perez.com,19940909,71998399,True,Stacy,Jones,Jones_58a72
Scott Zimmerman,Scott_Zimmerman@fischer.com,19560130,70071511,True,Scott,Zimmerman,Zimmerman_57029
Dakota Silva,Dakota_Silva@barker-miller.com,19790710,41853599,True,Dakota,Silva,Silva_dfba5
Jacob Spencer,Jacob_Spencer@jefferson.net,19620226,41992359,True,Jacob,Spencer,Spencer_f73b3
Barbara Hudson,Barbara_Hudson@robinson-jones.com,19971028,33194551,True,Barbara,Hudson,Hudson_6e896
Sherry Peterson,Sherry_Peterson@dillon-barber.com,19691126,91916671,True,Sherry,Peterson,Peterson_84bab
Austin Bird,Austin_Bird@young-stout.com,19760515,53713179,True,Austin,Bird,Bird_12ea3
Matthew Oliver,Matthew_Oliver@mitchell.com,19720423,14016935,True,Matthew,Oliver,Oliver_bea3b
Roger Maddox,Roger_Maddox@richards.com,19810426,86988519,True,Roger,Maddox,Maddox_f28a0
Kristin Higgins,Kristin_Higgins@leonard.com,19981219,58071267,True,Kristin,Higgins,Higgins_35821
Gilbert Johnson,Gilbert_Johnson@jones.com,19850923,97191811,True,Gilbert,Johnson,Johnson_fd53f
Bryan Gutierrez,Bryan_Gutierrez@short-huerta.net,19881118,84795039,True,Bryan,Gutierrez,Gutierrez_02355
Peter Schultz,Peter_Schultz@shah.com,19570829,78301895,True,Peter,Schultz,Schultz_329dc
Karen Smith,Karen_Smith@washington.com,19630505,91036383,True,Karen,Smith,Smith_f3706
Justin Burke,Justin_Burke@johnson.com,19960212,43401655,True,Justin,Burke,Burke_c6e14
Sarah Ramsey,Sarah_Ramsey@hayes.com,19640622,63376279,True,Sarah,Ramsey,Ramsey_bcac3
Michael Chang,Michael_Chang@watkins.com,19900209,99632783,True,Michael,Chang,Chang_82fad
Pamela Hughes,Pamela_Hughes@rivas-garza.com,19570116,32117783,True,Pamela,Hughes,Hughes_c319b
Jimmy Morris,Jimmy_Morris@hall-watkins.com,19640120,31836895,True,Jimmy,Morris,Morris_235c3
Lauren Romero,Lauren_Romero@davis.com,20020425,50100783,True,Lauren,Romero,Romero_ddd99
Adam Jones,Adam_Jones@kline-reeves.com,19570107,83246639,True,Adam,Jones,Jones_f7d57
Michelle Kidd,Michelle_Kidd@klein-goodman.com,19500222,80511627,True,Michelle,Kidd,Kidd_b82eb
Matthew Murphy,Matthew_Murphy@graham.com,19600216,18189831,True,Matthew,Murphy,Murphy_18394
Jessica Arroyo,Jessica_Arroyo@flores-evans.com,20021019,24971015,True,Jessica,Arroyo,Arroyo_b3701
Caleb Zuniga,Caleb_Zuniga@stone.net,19681028,36180711,True,Caleb,Zuniga,Zuniga_2df71
Kenneth Walton,Kenneth_Walton@anderson.com,19950309,93358011,True,Kenneth,Walton,Walton_fec56
Cheyenne Moreno,Cheyenne_Moreno@hampton.com,19600912,61341887,True,Cheyenne,Moreno,Moreno_e3977
Courtney Lopez,Courtney_Lopez@sanders.com,19710810,35323391,True,Courtney,Lopez,Lopez_fe453
Kenneth Williamson,Kenneth_Williamson@perez.com,19540310,36169599,True,Kenneth,Williamson,Williamson_2b7fe
William Armstrong,William_Armstrong@richards.net,19641118,25119611,True,William,Armstrong,Armstrong_6e0ba
Bruce Browning,Bruce_Browning@robertson-baldwin.com,19631113,22984503,True,Bruce,Browning,Browning_05d20
Shannon Gilbert,Shannon_Gilbert@brown-schaefer.com,19920613,34472903,True,Shannon,Gilbert,Gilbert_92eed
Amanda Brown,Amanda_Brown@williams.com,19541218,52400391,True,Amanda,Brown,Brown_7e860
Pedro Mitchell,Pedro_Mitchell@sims.com,19610927,99595743,True,Pedro,Mitchell,Mitchell_2c9b7
Riley Gomez,Riley_Gomez@hoffman.com,19810211,20838807,True,Riley,Gomez,Gomez_0e78b
Shelby Price,Shelby_Price@fuller.net,19860807,74350543,True,Shelby,Price,Price_d55c8
Scott Harris,Scott_Harris@mullins.com,19901214,36307567,True,Scott,Harris,Harris_1a897
Bonnie Franklin,Bonnie_Franklin@gillespie.com,19880714,22008807,True,Bonnie,Franklin,Franklin_05456
Ashley Morris,Ashley_Morris@marshall.net,20021001,13085855,True,Ashley,Morris,Morris_554e8
Christopher Stark,Christopher_Stark@blackwell.com,19710307,94716219,True,Christopher,Stark,Stark_880a2
Vanessa Johnson,Vanessa_Johnson@barber.com,19601019,89236567,True,Vanessa,Johnson,Johnson_2cc59
Jack Jensen,Jack_Jensen@kent-williamson.net,19601229,93571087,True,Jack,Jensen,Jensen_f1081
Daniel Armstrong,Daniel_Armstrong@brown.com,19820714,18991247,True,Daniel,Armstrong,Armstrong_b6b02
Susan Donovan,Susan_Donovan@jordan-anderson.com,19690130,85222335,True,Susan,Donovan,Donovan_5de3a
Michael Serrano,Michael_Serrano@turner-maldonado.com,19820711,12792543,True,Michael,Serrano,Serrano_39237
Michael Powell,Michael_Powell@mccall.com,19941127,63894311,True,Michael,Powell,Powell_ac630
Alexander Lowe,Alexander_Lowe@morris.com,19610508,93074023,True,Alexander,Lowe,Lowe_6e70a
