name,email,date_of_birth,mobile_no,above_18,first_name,last_name,membership_id
Jennifer Vega,Jennifer_Vega@jenkins.net,19710307,66551251,True,Jennifer,Vega,Vega_54398
Aaron Wilson,Aaron_Wilson@burke-benton.net,19870517,75053391,True,Aaron,Wilson,Wilson_924c3
Samuel Lee,Samuel_Lee@gardner-rodriguez.net,19740902,57636831,True,Samuel,Lee,Lee_aca22
Jennifer Weaver,Jennifer_Weaver@patterson.com,19781015,74152151,True,Jennifer,Weaver,Weaver_def06
Timothy Ortega,Timothy_Ortega@ramos.com,19980104,59312963,True,Timothy,Ortega,Ortega_7160a
Leonard Hamilton,Leonard_Hamilton@brown.com,19880229,76082775,True,Leonard,Hamilton,Hamilton_d57e9
Kathy Phillips,Kathy_Phillips@floyd.com,19841216,57829247,True,Kathy,Phillips,Phillips_8c42c
Danny Simmons,Danny_Simmons@morales.com,19631013,26313911,True,Danny,Simmons,Simmons_8d84c
Jennifer Jimenez,Jennifer_Jimenez@morgan.com,19921121,59592559,True,Jennifer,Jimenez,Jimenez_f7f6c
Penny Lopez,Penny_Lopez@young-huang.net,19540925,99596291,True,Penny,Lopez,Lopez_ae2ba
Victoria Lawson,Victoria_Lawson@snyder.com,19540412,24045823,True,Victoria,Lawson,Lawson_1bbfb
Michael Martinez,Michael_Martinez@hogan.net,19521107,40271975,True,Michael,Martinez,Martinez_a93ca
Samantha Sullivan,Samantha_Sullivan@cunningham-williams.com,19600423,64913455,True,Samantha,Sullivan,Sullivan_4b711
Paul Jones,Paul_Jones@clark-irwin.com,19940215,91301999,True,Paul,Jones,Jones_c4de7
Danielle Tran,Danielle_Tran@mann.com,19880826,85246679,True,Danielle,Tran,Tran_d3671
Jeff Freeman,Jeff_Freeman@guzman.com,20030520,13590655,True,Jeff,Freeman,Freeman_f7312
Marissa Jones,Marissa_Jones@lewis.net,19580806,32094119,True,Marissa,Jones,Jones_5e6b2
Elijah Roy,Elijah_Roy@jones-baldwin.com,19870705,57159015,True,Elijah,Roy,Roy_1047f
Courtney Simpson,Courtney_Simpson@preston-cantrell.com,19731103,77314887,True,Courtney,Simpson,Simpson_6bbe5
Kimberly Hopkins,Kimberly_Hopkins@adams.com,19931022,67364511,True,Kimberly,Hopkins,Hopkins_59c45
William King,William_King@cline-allen.com,19841115,21561215,True,William,King,King_a816e
Stephanie Robertson,Stephanie_Robertson@owen-rodriguez.com,20020508,75259367,True,Stephanie,Robertson,Robertson_a4e1b
Rickey Hill,Rickey_Hill@parker-cohen.com,19640430,56465207,True,Rickey,Hill,Hill_44236
Erika Stewart,Erika_Stewart@solis.com,19851226,83552695,True,Erika,Stewart,Stewart_78de6
Gregory Allen,Gregory_Allen@stanley.net,19780122,48871907,True,Gregory,Allen,Allen_b911a
Christina Johnson,Christina_Johnson@clark.com,20010622,30262983,True,Christina,Johnson,Johnson_38705
Kelli Wells,Kelli_Wells@jones.com,19540308,27406215,True,Kelli,Wells,Wells_4e44e
Nathan Archer,Nathan_Archer@gray.com,19560723,72954367,True,Nathan,Archer,Archer_4f128
Michael Kline,Michael_Kline@phelps-alvarez.com,19650623,20968343,True,Michael,Kline,Kline_b8299
Joshua Rodriguez,Joshua_Rodriguez@thornton-benitez.com,19530317,27953967,True,Joshua,Rodriguez,Rodriguez_63294
James Rodriguez,James_Rodriguez@logan.com,19810717,50981423,True,James,Rodriguez,Rodriguez_af52e
Robert Ortega,Robert_Ortega@perez.com,19600316,57040695,True,Robert,Ortega,Ortega_68ba4
Teresa Ruiz,Teresa_Ruiz@holmes.com,19510904,22432447,True,Teresa,Ruiz,Ruiz_734c3
Madison Mejia,Madison_Mejia@sims.com,19530323,73824679,True,Madison,Mejia,Mejia_a4800
James Bailey,James_Bailey@flynn.net,19860710,26146743,True,James,Bailey,Bailey_e6fad
Mary Perry,Mary_Perry@williams.net,19730808,57879711,True,Mary,Perry,Perry_884fa
Crystal Jones,Crystal_Jones@webb.com,19620914,39588047,True,Crystal,Jones,Jones_37bfd
Aaron Brown,Aaron_Brown@yates.com,19860502,43815191,True,Aaron,Brown,Brown_8d374
Brian Contreras,Brian_Contreras@hill.net,19650708,89794399,True,Brian,Contreras,Contreras_08a8c
Tanya Barajas,Tanya_Barajas@davis.com,19740430,92793871,True,Tanya,Barajas,Barajas_71dc1
Ashley Frost,Ashley_Frost@brown-hill.com,19521020,16473423,True,Ashley,Frost,Frost_29811
Samantha Rasmussen,Samantha_Rasmussen@stokes-leon.com,19940621,26634223,True,Samantha,Rasmussen,Rasmussen_f0a4e
Erica Weber,Erica_Weber@harris-fox.com,19930809,20074939,True,Erica,Weber,Weber_e22b3
Amanda Campbell,Amanda_Campbell@parker.com,19810324,21954431,True,Amanda,Campbell,Campbell_9d9ae
Vincent Martin,Vincent_Martin@wright-lee.com,19840124,55457087,True,Vincent,Martin,Martin_e2020
Tony Crawford,Tony_Crawford@moore.com,19870818,15997263,True,Tony,Crawford,Crawford_44b85
Randy Sullivan,Randy_Sullivan@perez.net,19611025,15665967,True,Randy,Sullivan,Sullivan_cd00a
Kimberly Thompson,Kimberly_Thompson@brewer-walters.net,20001112,88531623,True,Kimberly,Thompson,Thompson_16045
William Hopkins,William_Hopkins@snyder.com,20010104,12277875,True,William,Hopkins,Hopkins_93c18
Martin Compton,Martin_Compton@morgan.com,19840602,42037887,True,Martin,Compton,Compton_7fce5
Anthony Gross,Anthony_Gross@pratt.com,19660423,92193723,True,Anthony,Gross,Gross_ca1c0
Tracy Brown,Tracy_Brown@joyce.com,19720823,26044711,True,Tracy,Brown,Brown_f91bb
James Stanley,James_Stanley@beltran.com,20011008,51351887,True,James,Stanley,Stanley_3a054
Norma Jenkins,Norma_Jenkins@larson.com,19570323,78071863,True,Norma,Jenkins,Jenkins_0f265
Leslie Preston,Leslie_Preston@johns.com,19721005,71892959,True,Leslie,Preston,Preston_781b1
Crystal Valdez,Crystal_Valdez@stewart-randolph.com,20030802,65598575,True,Crystal,Valdez,Valdez_41a54
Jay Parker,Jay_Parker@fowler.net,19930930,57583783,True,Jay,Parker,Parker_e0aa2
Lance Williams,Lance_Williams@williams.net,19730807,19310567,True,Lance,Williams,Williams_d5572
Carl Taylor,Carl_Taylor@melendez.com,19750112,27075015,True,Carl,Taylor,Taylor_b96b9
Brenda Dean,Brenda_Dean@allison-hill.com,19690215,55037019,True,Brenda,Dean,Dean_72956
Kathleen Allen,Kathleen_Allen@cook.com,19860113,38829559,True,Kathleen,Allen,Allen_6c368
Patricia Olsen,Patricia_Olsen@haynes-blankenship.com,19981124,70673187,True,Patricia,Olsen,Olsen_75419
Marie Lamb,Marie_Lamb@hampton.com,19790410,26841263,True,Marie,Lamb,Lamb_2ed50
Nathan Flores,Nathan_Flores@gibbs.net,19790904,86883135,True,Nathan,Flores,Flores_2647a
Ashley Caldwell,Ashley_Caldwell@mason-bryant.com,19880903,13420663,True,Ashley,Caldwell,Caldwell_3714e
David Frank,David_Frank@reyes-thomas.com,19680928,31192639,True,David,Frank,Frank_f2c97
Heather Boyle,Heather_Boyle@lopez.com,20030301,91679575,True,Heather,Boyle,Boyle_274ab
Renee Martin,Renee_Martin@crawford-walker.com,19810421,55803823,True,Renee,Martin,Martin_7998c
Keith Parker,Keith_Parker@moore.com,19640826,40120471,True,Keith,Parker,Parker_1c04a
Ernest Blake,Ernest_Blake@long.com,19990621,27155511,True,Ernest,Blake,Blake_ea561
Melissa Levy,Melissa_Levy@arroyo.com,19500330,51842935,True,Melissa,Levy,Levy_550f8
Brandon Powell,Brandon_Powell@craig-gonzales.net,19760606,43375815,True,Brandon,Powell,Powell_28760
Lisa Holloway,Lisa_Holloway@brown.com,19720102,73751431,True,Lisa,Holloway,Holloway_3d4d2
Kimberly Stone,Kimberly_Stone@murphy-bryant.com,19940512,25323999,True,Kimberly,Stone,Stone_c2851
Adam Jones,Adam_Jones@ashley.com,19730316,55082935,True,Adam,Jones,Jones_94192
Richard Tucker,Richard_Tucker@murphy.com,19710625,53838335,True,Richard,Tucker,Tucker_8d65a
Elizabeth Andersen,Elizabeth_Andersen@baker.com,19740123,69096535,True,Elizabeth,Andersen,Andersen_b275b
Destiny Lutz,Destiny_Lutz@thompson-wright.com,19941204,87853607,True,Destiny,Lutz,Lutz_fce74
Brandy Allen,Brandy_Allen@hardy-griffin.com,19810113,92130799,True,Brandy,Allen,Allen_957a0
Stephanie Decker,Stephanie_Decker@barrett.net,19770905,92626639,True,Stephanie,Decker,Decker_6eb96
Michelle Keller,Michelle_Keller@johnson.com,19510706,56139711,True,Michelle,Keller,Keller_6db87
Stacey Yates,Stacey_Yates@lewis.com,19920812,30115967,True,Stacey,Yates,Yates_c6178
Sue Lee,Sue_Lee@rojas.com,19860829,97367575,True,Sue,Lee,Lee_20326
Anna Long,Anna_Long@coleman.com,19740316,52566967,True,Anna,Long,Long_f6b1f
Annette Watson,Annette_Watson@brown-brennan.com,19580423,67851175,True,Annette,Watson,Watson_0f796
Robert Perez,Robert_Perez@anderson-shaw.net,19690528,38876643,True,Robert,Perez,Perez_ad69c
James Thomas,James_Thomas@torres.net,19520509,58718239,True,James,Thomas,Thomas_ce14c
Kelli Olson,Kelli_Olson@campbell.net,19960723,50265023,True,Kelli,Olson,Olson_bb6cc
Becky Reid,Becky_Reid@vargas.net,19751027,37025287,True,Becky,Reid,Reid_42c78
Wesley Shaw,Wesley_Shaw@henderson-gibson.com,19830121,76819471,True,Wesley,Shaw,Shaw_ae56d
Pamela Boyd,Pamela_Boyd@freeman.com,19680628,25030751,True,Pamela,Boyd,Boyd_65e0a
Jeremy Lewis,Jeremy_Lewis@murray.com,19530107,44159519,True,Jeremy,Lewis,Lewis_acc6f
Jennifer Garza,Jennifer_Garza@herrera-klein.com,19890603,31999455,True,Jennifer,Garza,Garza_19651
Larry Wilson,Larry_Wilson@perry.com,19670221,56158527,True,Larry,Wilson,Wilson_53475
Joshua Thompson,Joshua_Thompson@morrow.com,19840830,98999803,True,Joshua,Thompson,Thompson_a526d
Dennis Williams,Dennis_Williams@rivas.com,19661107,93993079,True,Dennis,Williams,Williams_c24a6
Karen Morton,Karen_Morton@romero.com,19910410,36838791,True,Karen,Morton,Morton_01fc5
Joseph Perry,Joseph_Perry@tucker.com,19510616,16254071,True,Joseph,Perry,Perry_3cbc1
Heather Herman,Heather_Herman@williams-lindsey.com,19710606,97877423,True,Heather,Herman,Herman_0249a
Laura Lopez,Laura_Lopez@rodriguez.com,19901221,72627367,True,Laura,Lopez,Lopez_b5781
Joel Webb,Joel_Webb@solis-swanson.com,19891009,37839071,True,Joel,Webb,Webb_0fb4f
Donna Malone,Donna_Malone@brown.com,19521007,89038207,True,Donna,Malone,Malone_c3d28
Reginald Barnes,Reginald_Barnes@walker-robinson.com,19730214,19884399,True,Reginald,Barnes,Barnes_fb5c0
Brett House,Brett_House@rose-clarke.com,19841126,98114087,True,Brett,House,House_e6320
Robert Weaver,Robert_Weaver@young-leonard.com,19820218,39131199,True,Robert,Weaver,Weaver_93f9a
Beth Martinez,Beth_Martinez@johnson.com,19681225,87909191,True,Beth,Martinez,Martinez_19e30
Nicole Small,Nicole_Small@nolan-randall.com,19570414,82553335,True,Nicole,Small,Small_8d9e7
Anthony Cline,Anthony_Cline@rivera-collier.net,19890125,64231171,True,Anthony,Cline,Cline_8ed4c
Spencer Ware,Spencer_Ware@montgomery-lane.com,19801009,74599951,True,Spencer,Ware,Ware_3ada0
Willie Erickson,Willie_Erickson@bartlett.com,19910110,53673855,True,Willie,Erickson,Erickson_96477
Daniel Nguyen,Daniel_Nguyen@mccall.com,19590903,37673823,True,Daniel,Nguyen,Nguyen_e0c14
Tiffany Brown,Tiffany_Brown@stout-thompson.com,20030217,27755951,True,Tiffany,Brown,Brown_cb9d8
Leonard Martinez,Leonard_Martinez@mcbride.com,19560922,14452319,True,Leonard,Martinez,Martinez_098b7
Thomas Forbes,Thomas_Forbes@beck.com,19591023,25036935,True,Thomas,Forbes,Forbes_43391
Robert Stephens,Robert_Stephens@lopez.com,20000619,92784815,True,Robert,Stephens,Stephens_fb34d
Kevin Mayo,Kevin_Mayo@pope-jones.com,19761029,76234311,True,Kevin,Mayo,Mayo_e3aa5
Daniel Chen,Daniel_Chen@little.com,19520716,46750383,True,Daniel,Chen,Chen_1b4b6
Samuel Dalton,Samuel_Dalton@marquez.com,19960916,75194711,True,Samuel,Dalton,Dalton_ac9b3
Heather Bennett,Heather_Bennett@hamilton-blair.com,20020105,64795847,True,Heather,Bennett,Bennett_db98e
Joshua King,Joshua_King@hale.net,20000601,99342223,True,Joshua,King,King_32f19
Randy Moyer,Randy_Moyer@jennings-brown.com,20030617,32958939,True,Randy,Moyer,Moyer_f3d1c
Crystal Blake,Crystal_Blake@parker.com,19701117,97878511,True,Crystal,Blake,Blake_431eb
Heather Combs,Heather_Combs@powell.com,19590428,18518647,True,Heather,Combs,Combs_53d35
Amanda Evans,Amanda_Evans@cox.com,19590224,92559519,True,Amanda,Evans,Evans_638b8
Sergio Day,Sergio_Day@guzman-garrett.com,19510531,27091295,True,Sergio,Day,Day_3d8ba
Julie Boyd,Julie_Boyd@white-george.com,19690906,47949079,True,Julie,Boyd,Boyd_5935e
Tara Barnes,Tara_Barnes@shepherd.com,19540801,42232079,True,Tara,Barnes,Barnes_c0bff
Logan Watkins,Logan_Watkins@hernandez.com,20000511,87081215,True,Logan,Watkins,Watkins_1cf41
Steven Ortiz,Steven_Ortiz@hamilton.com,19670506,15073183,True,Steven,Ortiz,Ortiz_8d913
Lisa Marquez,Lisa_Marquez@day-smith.com,19710326,18443671,True,Lisa,Marquez,Marquez_16294
Sergio Hughes,Sergio_Hughes@cardenas.com,19810309,86954943,True,Sergio,Hughes,Hughes_eb606
Destiny Rojas,Destiny_Rojas@stanton.com,19860121,27351983,True,Destiny,Rojas,Rojas_69a44
Danny Lewis,Danny_Lewis@turner.com,19521225,41036747,True,Danny,Lewis,Lewis_c7376
Jennifer Martin,Jennifer_Martin@moore.com,19830527,83212175,True,Jennifer,Martin,Martin_fdca3
Arthur Chandler,Arthur_Chandler@martin.com,19610210,18438007,True,Arthur,Chandler,Chandler_98447
Cheryl Crosby,Cheryl_Crosby@bowman-potter.com,19580930,54032091,True,Cheryl,Crosby,Crosby_3d7d6
Ronald Hudson,Ronald_Hudson@carson.com,19510310,66192423,True,Ronald,Hudson,Hudson_3822e
Jennifer Lee,Jennifer_Lee@guerra-lopez.com,19500401,35305031,True,Jennifer,Lee,Lee_63d05
Gregory Yoder,Gregory_Yoder@robinson-johnson.com,19530620,75705319,True,Gregory,Yoder,Yoder_8b757
Carolyn Harmon,Carolyn_Harmon@watts-horn.com,19980124,55977599,True,Carolyn,Harmon,Harmon_ab61b
Christopher Harrell,Christopher_Harrell@lindsey.com,19700630,52999479,True,Christopher,Harrell,Harrell_89eb6
Kevin Johnson,Kevin_Johnson@rogers.com,19930802,15154639,True,Kevin,Johnson,Johnson_f1d51
Michael Harrison,Michael_Harrison@franklin.com,19510819,29087871,True,Michael,Harrison,Harrison_6c3e1
Terry Moore,Terry_Moore@barker-ayers.com,19870615,19828167,True,Terry,Moore,Moore_df574
James Rogers,James_Rogers@green.net,19930704,65821255,True,James,Rogers,Rogers_0a873
Kathleen Tran,Kathleen_Tran@wilson.net,19740211,20044927,True,Kathleen,Tran,Tran_3755f
Jacqueline Conway,Jacqueline_Conway@robinson-carson.com,19710617,91842383,True,Jacqueline,Conway,Conway_d5d31
Chad Clark,Chad_Clark@hodges.com,19610919,54277383,True,Chad,Clark,Clark_f6f86
Maxwell Cole,Maxwell_Cole@larson.com,19510203,41796463,True,Maxwell,Cole,Cole_80a3f
Bethany Williamson,Bethany_Williamson@flores.com,19540310,40227935,True,Bethany,Williamson,Williamson_2b7fe
Joseph Wright,Joseph_Wright@powell.net,19570521,40768583,True,Joseph,Wright,Wright_cadfe
Thomas Rogers,Thomas_Rogers@banks-perkins.net,19970819,36072875,True,Thomas,Rogers,Rogers_9ce35
Jenny Lewis,Jenny_Lewis@flores.com,19970706,62475987,True,Jenny,Lewis,Lewis_8bbe2
Heidi Bolton,Heidi_Bolton@spencer.com,19560616,58079023,True,Heidi,Bolton,Bolton_39892
Daniel Lewis,Daniel_Lewis@robertson.com,19770205,48084439,True,Daniel,Lewis,Lewis_655c7
Dale Ramirez,Dale_Ramirez@patton.com,19550323,59875791,True,Dale,Ramirez,Ramirez_44ea6
Carol Sharp,Carol_Sharp@garcia-lamb.com,19751203,18014567,True,Carol,Sharp,Sharp_0798d
Joseph Buck,Joseph_Buck@jacobs.com,19520311,34270063,True,Joseph,Buck,Buck_54a24
Lynn Anderson,Lynn_Anderson@williams-carter.com,19960113,75488911,True,Lynn,Anderson,Anderson_e6ce9
Emily Andrews,Emily_Andrews@reyes-singh.com,19550427,20594859,True,Emily,Andrews,Andrews_ec35f
Sarah Harris,Sarah_Harris@thomas-sanchez.com,20010530,52442775,True,Sarah,Harris,Harris_08217
Victor Owens,Victor_Owens@collins.com,19960815,53064383,True,Victor,Owens,Owens_70f0e
Kimberly Koch,Kimberly_Koch@rodriguez.net,19870125,35893839,True,Kimberly,Koch,Koch_3a604
Allison Obrien,Allison_Obrien@bailey-sanders.com,19620423,81154631,True,Allison,Obrien,Obrien_7bc1a
John Rogers,John_Rogers@oneill.com,19710509,21046575,True,John,Rogers,Rogers_3b266
Laura Bailey,Laura_Bailey@snyder.com,19700811,56551543,True,Laura,Bailey,Bailey_a6166
Janet Collins,Janet_Collins@farrell.com,19840721,89424095,True,Janet,Collins,Collins_05e41
Kristin Lawson,Kristin_Lawson@salinas.com,19761101,36661711,True,Kristin,Lawson,Lawson_6783a
James Castaneda,James_Castaneda@miller-hart.com,19640126,64715807,True,James,Castaneda,Castaneda_d8684
Michael Middleton,Michael_Middleton@williams-zamora.com,19810804,85114431,True,Michael,Middleton,Middleton_79ba1
Robert Ortiz,Robert_Ortiz@saunders-hunter.com,19761108,80296223,True,Robert,Ortiz,Ortiz_6f686
Connie Harper,Connie_Harper@lewis.com,19950627,21369119,True,Connie,Harper,Harper_bfdaf
Debbie Burns,Debbie_Burns@salinas.com,19830806,95570935,True,Debbie,Burns,Burns_329c0
Gabriel Preston,Gabriel_Preston@black.com,19961120,88336263,True,Gabriel,Preston,Preston_17c89
Steven Hodges,Steven_Hodges@sanchez-phillips.com,19510903,65795715,True,Steven,Hodges,Hodges_a9354
Brandon Orozco,Brandon_Orozco@greene.com,19870717,59988495,True,Brandon,Orozco,Orozco_4e02d
Kari Nguyen,Kari_Nguyen@farley.com,19991119,47980591,True,Kari,Nguyen,Nguyen_35e98
Brittany Hill,Brittany_Hill@rogers-hoffman.com,19870605,90817791,True,Brittany,Hill,Hill_ba008
Carrie Martinez,Carrie_Martinez@hendrix.com,19740124,96107743,True,Carrie,Martinez,Martinez_efe37
Jeffery Hill,Jeffery_Hill@cook-lloyd.com,19591223,26071551,True,Jeffery,Hill,Hill_4745d
Linda White,Linda_White@moore.com,19751015,84876711,True,Linda,White,White_3b59e
Jake Spencer,Jake_Spencer@murphy.com,20020509,53533879,True,Jake,Spencer,Spencer_bc576
Joseph Chan,Joseph_Chan@hutchinson-gutierrez.com,19660922,19544079,True,Joseph,Chan,Chan_c2d5e
Sara Dominguez,Sara_Dominguez@delgado.com,19860220,69114407,True,Sara,Dominguez,Dominguez_5464a
Kathleen Ali,Kathleen_Ali@horn-rogers.com,19960602,45338687,True,Kathleen,Ali,Ali_03451
Danielle Stephens,Danielle_Stephens@miller.net,19610929,16838823,True,Danielle,Stephens,Stephens_2fdb9
Ann Wolf,Ann_Wolf@wilkins.com,19801112,26916187,True,Ann,Wolf,Wolf_25e45
Brianna Schaefer,Brianna_Schaefer@nelson-mcmahon.com,19760312,34700887,True,Brianna,Schaefer,Schaefer_5e4f0
Angela Morris,Angela_Morris@murray.com,19760207,89409391,True,Angela,Morris,Morris_5aaa7
Cristian Kelley,Cristian_Kelley@taylor-colon.net,19510108,22272647,True,Cristian,Kelley,Kelley_a8eb6
Jeffrey Turner,Jeffrey_Turner@robinson.com,19840112,30152387,True,Jeffrey,Turner,Turner_03e46
Jesse Perry,Jesse_Perry@marsh.net,19691013,45471479,True,Jesse,Perry,Perry_f39ef
Ricardo Cruz,Ricardo_Cruz@salazar-manning.com,19780205,83436279,True,Ricardo,Cruz,Cruz_35e74
Jessica Smith,Jessica_Smith@walsh-steele.com,19510531,97984639,True,Jessica,Smith,Smith_b54eb
Brenda Long,Brenda_Long@carter.net,19510914,45992583,True,Brenda,Long,Long_02fb7
Megan Taylor,Megan_Taylor@montgomery.com,19931005,12610975,True,Megan,Taylor,Taylor_f809f
Kelly Morales,Kelly_Morales@sanchez.com,19800227,44799815,True,Kelly,Morales,Morales_c72b3
Sheri Johnson,Sheri_Johnson@lucas.com,19880422,34118127,True,Sheri,Johnson,Johnson_c7ca6
Lori Pacheco,Lori_Pacheco@ayala.com,19620630,94662495,True,Lori,Pacheco,Pacheco_3c118
Sandra Schmidt,Sandra_Schmidt@herrera.com,19590711,50638143,True,Sandra,Schmidt,Schmidt_72c4f
Rachel Hill,Rachel_Hill@gutierrez.com,19540212,55824367,True,Rachel,Hill,Hill_ddc1f
Emily Case,Emily_Case@lewis.com,19850508,90216215,True,Emily,Case,Case_8ac5d
Seth Alvarez,Seth_Alvarez@conrad.com,19800801,90929927,True,Seth,Alvarez,Alvarez_b1eac
Jose Reyes,Jose_Reyes@garcia.com,19700929,94563263,True,Jose,Reyes,Reyes_9c51a
Zachary Le,Zachary_Le@whitaker.com,19851028,56441999,True,Zachary,Le,Le_ddf85
Rhonda Anthony,Rhonda_Anthony@lawson.com,19740915,12850551,True,Rhonda,Anthony,Anthony_fcc97
Joseph Hill,Joseph_Hill@rodriguez-newton.com,20020923,89902687,True,Joseph,Hill,Hill_a8197
Erin Davis,Erin_Davis@sanchez.net,19600917,22992863,True,Erin,Davis,Davis_c7062
Lucas Brown,Lucas_Brown@miller.com,19891101,34675679,True,Lucas,Brown,Brown_b4df3
William Garcia,William_Garcia@powell.com,19850912,25729991,True,William,Garcia,Garcia_577d7
Lauren Swanson,Lauren_Swanson@pena-pierce.com,19610921,85204407,True,Lauren,Swanson,Swanson_d0871
John Frank,John_Frank@martin.com,19500519,42691023,True,John,Frank,Frank_c945a
Tony Perry,Tony_Perry@lewis-holland.com,19730910,11231827,True,Tony,Perry,Perry_26a95
Nicole Schmidt,Nicole_Schmidt@stephens.com,19651109,86157423,True,Nicole,Schmidt,Schmidt_6108a
Nathan Gray,Nathan_Gray@scott-gonzalez.com,19960618,48983767,True,Nathan,Gray,Gray_7faee
Nichole Delgado,Nichole_Delgado@dixon-cruz.com,19720305,60338223,True,Nichole,Delgado,Delgado_96d79
Raven Ford,Raven_Ford@mcdowell.com,19960213,13519207,True,Raven,Ford,Ford_f2628
Marcus Rodriguez,Marcus_Rodriguez@jones.com,19690511,23424599,True,Marcus,Rodriguez,Rodriguez_3eaf0
Daniel Grimes,Daniel_Grimes@keith.com,19821126,61518103,True,Daniel,Grimes,Grimes_32d26
Samuel Solomon,Samuel_Solomon@wolf.net,19871230,26166751,True,Samuel,Solomon,Solomon_abe4f
Katrina Miller,Katrina_Miller@grimes.com,19540308,81240247,True,Katrina,Miller,Miller_cb421
Raymond Conner,Raymond_Conner@oneal-johnson.com,19970128,95736583,True,Raymond,Conner,Conner_1e087
Cory Garcia,Cory_Garcia@evans-benson.com,19550202,86555943,True,Cory,Garcia,Garcia_9c305
Lori Fuller,Lori_Fuller@gordon.com,19680101,54288255,True,Lori,Fuller,Fuller_3c152
Corey Wilson,Corey_Wilson@hoover-hernandez.com,19531011,39467535,True,Corey,Wilson,Wilson_9d4f5
Denise Dominguez,Denise_Dominguez@long.com,19660628,28235547,True,Denise,Dominguez,Dominguez_09e70
Holly James,Holly_James@macdonald.com,19641104,62732175,True,Holly,James,James_dabc0
Alicia Mccarty,Alicia_Mccarty@beasley.com,19820916,57669519,True,Alicia,Mccarty,Mccarty_0a066
Zoe Christian,Zoe_Christian@grant.com,19990319,22170983,True,Zoe,Christian,Christian_711f9
Nicholas Watson,Nicholas_Watson@williams.com,19620403,72181751,True,Nicholas,Watson,Watson_4e85b
Shirley Ruiz,Shirley_Ruiz@house-gay.com,19720812,23759691,True,Shirley,Ruiz,Ruiz_01ffb
Victoria Wood,Victoria_Wood@proctor-baker.com,19910622,13955959,True,Victoria,Wood,Wood_032d1
Jillian Knight,Jillian_Knight@davenport.com,19881108,20417711,True,Jillian,Knight,Knight_9b4bf
Ryan Fisher,Ryan_Fisher@fletcher.com,19871030,63505855,True,Ryan,Fisher,Fisher_503c2
Stephanie Howe,Stephanie_Howe@allen.com,19630509,37283343,True,Stephanie,Howe,Howe_d50f6
Kenneth Kim,Kenneth_Kim@duran.com,19990505,37818767,True,Kenneth,Kim,Kim_cb056
Andrew Macias,Andrew_Macias@douglas.com,19661013,28232535,True,Andrew,Macias,Macias_c59c6
Lisa Jackson,Lisa_Jackson@morton-lowe.com,19730114,82393203,True,Lisa,Jackson,Jackson_f5a70
Elizabeth Huffman,Elizabeth_Huffman@zamora.com,19580918,15486151,True,Elizabeth,Huffman,Huffman_5a32b
Christina Stone,Christina_Stone@medina.com,19930320,34449775,True,Christina,Stone,Stone_8644e
Miranda Mata,Miranda_Mata@martin.com,19930124,61632395,True,Miranda,Mata,Mata_54b21
Alexander Merritt,Alexander_Merritt@butler.net,19800913,33574735,True,Alexander,Merritt,Merritt_0bbc5
Austin Alexander,Austin_Alexander@ortiz.com,19950418,12638703,True,Austin,Alexander,Alexander_c0296
Kelly Sanders,Kelly_Sanders@coleman.com,19520413,29703695,True,Kelly,Sanders,Sanders_0bb4b
Matthew Jones,Matthew_Jones@arnold.com,20000615,98616991,True,Matthew,Jones,Jones_1e267
Donna Juarez,Donna_Juarez@sanders-briggs.com,19550612,60313867,True,Donna,Juarez,Juarez_e3eb0
Sarah David,Sarah_David@collier.net,19981216,97218247,True,Sarah,David,David_acf45
Carmen Barajas,Carmen_Barajas@smith.com,19810526,34685455,True,Carmen,Barajas,Barajas_5c93c
Angela Johnson,Angela_Johnson@stewart.com,19840827,62439103,True,Angela,Johnson,Johnson_3ec8c
Melissa Sparks,Melissa_Sparks@sanchez-stevenson.com,19930802,27530863,True,Melissa,Sparks,Sparks_ca17b
Rebecca Serrano,Rebecca_Serrano@martin.com,19650726,48396631,True,Rebecca,Serrano,Serrano_23a86
Katherine Hill,Katherine_Hill@tran.com,19830918,37709951,True,Katherine,Hill,Hill_0bb3f
Kristin Hart,Kristin_Hart@ortega.com,19661217,36255543,True,Kristin,Hart,Hart_30290
Jacqueline Ho,Jacqueline_Ho@henry.com,19610131,75359367,True,Jacqueline,Ho,Ho_77811
Tyler Rodriguez,Tyler_Rodriguez@nelson.com,19691123,38316039,True,Tyler,Rodriguez,Rodriguez_5c7fc
Michael Knight,Michael_Knight@davidson.com,19870804,71412263,True,Michael,Knight,Knight_435c9
Heather Arroyo,Heather_Arroyo@martinez.com,19790709,36165719,True,Heather,Arroyo,Arroyo_50030
Lori Larson,Lori_Larson@flowers.com,19630807,38397103,True,Lori,Larson,Larson_f9ef4
Lindsay Lopez,Lindsay_Lopez@foster.net,19820123,62519943,True,Lindsay,Lopez,Lopez_dfd53
David Vazquez,David_Vazquez@davila-beck.com,19901206,57160871,True,David,Vazquez,Vazquez_6d46b
Karen Salazar,Karen_Salazar@wu-cohen.com,19950502,89394439,True,Karen,Salazar,Salazar_6fde9
Sherry Hicks,Sherry_Hicks@stout-nicholson.com,19611127,12514111,True,Sherry,Hicks,Hicks_cf61d
Sarah Davila,Sarah_Davila@nash.com,19790906,46685303,True,Sarah,Davila,Davila_de12e
Karen Oneill,Karen_Oneill@gomez.com,19921004,72265879,True,Karen,Oneill,Oneill_7ceb1
Nicholas Mills,Nicholas_Mills@williams.com,19631001,68844231,True,Nicholas,Mills,Mills_d8740
Kim Hull,Kim_Hull@king.com,20030619,69198923,True,Kim,Hull,Hull_7979e
Jennifer Montgomery,Jennifer_Montgomery@estrada-cole.com,19710715,53834071,True,Jennifer,Montgomery,Montgomery_44364
Cynthia Bailey,Cynthia_Bailey@oneill.com,19790825,48942719,True,Cynthia,Bailey,Bailey_aa795
John Wright,John_Wright@harris.com,19831019,96650335,True,John,Wright,Wright_231d1
Kelsey Miller,Kelsey_Miller@anderson-green.com,19781107,45676055,True,Kelsey,Miller,Miller_deb57
Sheila Brown,Sheila_Brown@stevens-edwards.com,19821128,32490999,True,Sheila,Brown,Brown_7709b
Lisa Moore,Lisa_Moore@ramos.com,19941119,99493567,True,Lisa,Moore,Moore_3f2b7
Brianna Haynes,Brianna_Haynes@garcia.com,19980401,12153303,True,Brianna,Haynes,Haynes_6bb32
Julian Newman,Julian_Newman@haynes.com,19580313,49873159,True,Julian,Newman,Newman_e0d0a
Thomas Ferguson,Thomas_Ferguson@guzman.com,19591213,28787319,True,Thomas,Ferguson,Ferguson_ab595
David Swanson,David_Swanson@gregory.com,20021220,16753799,True,David,Swanson,Swanson_1dccf
Kathryn Dyer,Kathryn_Dyer@walker.com,19591210,57873103,True,Kathryn,Dyer,Dyer_76f5f
Lauren Rodriguez,Lauren_Rodriguez@soto.com,19931016,27106623,True,Lauren,Rodriguez,Rodriguez_48ab2
Jeffrey Rodriguez,Jeffrey_Rodriguez@trujillo.com,19900331,56472143,True,Jeffrey,Rodriguez,Rodriguez_0e7e9
Richard Anderson,Richard_Anderson@white.com,19580706,66751511,True,Richard,Anderson,Anderson_2376b
Andrea Huynh,Andrea_Huynh@dixon-smith.com,19890929,26799851,True,Andrea,Huynh,Huynh_c0070
Brian Allen,Brian_Allen@conway.com,19560101,93233303,True,Brian,Allen,Allen_1ec8c
Jacqueline Peck,Jacqueline_Peck@smith-miller.com,19590210,60512219,True,Jacqueline,Peck,Peck_3e03c
Jessica Lee,Jessica_Lee@brown-baxter.com,19670124,89410823,True,Jessica,Lee,Lee_4d24b
Martin Allen,Martin_Allen@steele.com,20020924,99969439,True,Martin,Allen,Allen_28ec4
Jason Mcdaniel,Jason_Mcdaniel@wood.com,19650403,68591887,True,Jason,Mcdaniel,Mcdaniel_e0560
Angela Mitchell,Angela_Mitchell@moreno-evans.com,19690105,50190223,True,Angela,Mitchell,Mitchell_a2327
Derrick Sanchez,Derrick_Sanchez@mitchell.com,19700424,97980535,True,Derrick,Sanchez,Sanchez_e696d
Christine Ellis,Christine_Ellis@blackwell.com,19980617,69393823,True,Christine,Ellis,Ellis_c677e
Alyssa Salinas,Alyssa_Salinas@robbins.com,19981007,41363847,True,Alyssa,Salinas,Salinas_75693
Kevin Walsh,Kevin_Walsh@hamilton.net,19920805,63251375,True,Kevin,Walsh,Walsh_2629d
Stuart Daniels,Stuart_Daniels@castro.com,20020317,38551603,True,Stuart,Daniels,Daniels_09bb1
Kenneth Knox,Kenneth_Knox@zamora.com,19990626,47904991,True,Kenneth,Knox,Knox_71691
Steve Mitchell,Steve_Mitchell@adkins-russell.com,19751027,98789479,True,Steve,Mitchell,Mitchell_b3005
Craig Hendricks,Craig_Hendricks@garcia-higgins.com,19951018,51721063,True,Craig,Hendricks,Hendricks_49263
Ricky Kerr,Ricky_Kerr@gonzalez-martinez.com,19510625,43238807,True,Ricky,Kerr,Kerr_35cb1
Gloria Aguilar,Gloria_Aguilar@dorsey-donaldson.com,19690606,69773231,True,Gloria,Aguilar,Aguilar_bc804
Gerald Hall,Gerald_Hall@kim-chapman.com,19711007,53954823,True,Gerald,Hall,Hall_45f04
Alexander Knight,Alexander_Knight@doyle.com,19740812,41639975,True,Alexander,Knight,Knight_c4289
Joseph Cross,Joseph_Cross@mason-shaw.net,19530126,35750023,True,Joseph,Cross,Cross_e0f11
Joel Myers,Joel_Myers@smith-willis.net,19720920,49665991,True,Joel,Myers,Myers_4416a
Michael Mckee,Michael_Mckee@gordon.com,20000917,87409327,True,Michael,Mckee,Mckee_e6f55
Roy Park,Roy_Park@rodriguez-west.com,19551029,69451423,True,Roy,Park,Park_d718a
Jonathan Castro,Jonathan_Castro@sandoval.com,19700409,95059239,True,Jonathan,Castro,Castro_5731d
Richard Carroll,Richard_Carroll@massey-gardner.com,19610526,61422551,True,Richard,Carroll,Carroll_0aac2
Michelle Fletcher,Michelle_Fletcher@anderson.com,19831024,15665159,True,Michelle,Fletcher,Fletcher_96576
Carol Murphy,Carol_Murphy@lowe.com,19640317,54241135,True,Carol,Murphy,Murphy_3edb5
Michael Russell,Michael_Russell@orozco.com,19680308,24280095,True,Michael,Russell,Russell_bcd74
Shawna Andrews,Shawna_Andrews@freeman.com,19981115,12022295,True,Shawna,Andrews,Andrews_a7d09
Dana Hernandez,Dana_Hernandez@jackson.com,19940126,50236391,True,Dana,Hernandez,Hernandez_1d8bf
Lauren Harris,Lauren_Harris@long.com,19780811,42605007,True,Lauren,Harris,Harris_4bb49
Sean Morales,Sean_Morales@molina.com,20030920,50605207,True,Sean,Morales,Morales_1e4d8
Andrea Dennis,Andrea_Dennis@smith-goodman.com,19570926,17153399,True,Andrea,Dennis,Dennis_e88a5
John Mendoza,John_Mendoza@mahoney.com,19850519,85845135,True,John,Mendoza,Mendoza_ed2a4
Jeremy Krueger,Jeremy_Krueger@haley.com,19830715,37358751,True,Jeremy,Krueger,Krueger_610a4
Sierra Mcdaniel,Sierra_Mcdaniel@mata.com,20030713,77274903,True,Sierra,Mcdaniel,Mcdaniel_daefe
Wendy Smith,Wendy_Smith@smith-webb.com,19700128,60349279,True,Wendy,Smith,Smith_375b6
Leslie Diaz,Leslie_Diaz@thomas-shelton.com,19570430,57506727,True,Leslie,Diaz,Diaz_ece5a
Grant Snyder,Grant_Snyder@gonzales.com,19731031,23872143,True,Grant,Snyder,Snyder_2b94e
Brandi Jenkins,Brandi_Jenkins@miller.com,19651228,79308567,True,Brandi,Jenkins,Jenkins_b651e
Amy Haynes,Amy_Haynes@levy.com,19600314,41563455,True,Amy,Haynes,Haynes_e90ca
John Roberts,John_Roberts@hendricks.com,19540315,16513279,True,John,Roberts,Roberts_ee0a3
Carrie Nelson,Carrie_Nelson@archer-murphy.com,19510609,49242255,True,Carrie,Nelson,Nelson_fa78a
Jacob Hood,Jacob_Hood@evans.com,19560208,24204143,True,Jacob,Hood,Hood_5bf93
Tracy Charles,Tracy_Charles@rowe.com,19931108,62200511,True,Tracy,Charles,Charles_2f44e
Heather Miller,Heather_Miller@taylor.net,19530128,37035727,True,Heather,Miller,Miller_d8502
Brandon Johnson,Brandon_Johnson@ramirez.com,19850310,60862935,True,Brandon,Johnson,Johnson_99aa0
Kevin Cook,Kevin_Cook@cox-stewart.com,19780913,71239915,True,Kevin,Cook,Cook_58067
Derrick Lane,Derrick_Lane@yates.com,19890916,65837219,True,Derrick,Lane,Lane_e6c3e
Wendy Nelson,Wendy_Nelson@day.com,19650108,59119063,True,Wendy,Nelson,Nelson_5e759
Jasmine Ramsey,Jasmine_Ramsey@jackson.com,19500407,16447279,True,Jasmine,Ramsey,Ramsey_c95b1
William Beltran,William_Beltran@bean.com,19850313,16495975,True,William,Beltran,Beltran_51d09
Albert Jefferson,Albert_Jefferson@diaz-bailey.com,19841117,32919607,True,Albert,Jefferson,Jefferson_b707a
Jessica Ferguson,Jessica_Ferguson@young.com,19670129,78033235,True,Jessica,Ferguson,Ferguson_ac86e
Gerald Stuart,Gerald_Stuart@strong.net,19951008,98421991,True,Gerald,Stuart,Stuart_02715
Jacob Vaughan,Jacob_Vaughan@martinez.com,19830908,69615007,True,Jacob,Vaughan,Vaughan_37e07
Matthew Fuentes,Matthew_Fuentes@miranda.com,19660329,33411447,True,Matthew,Fuentes,Fuentes_6b11d
April Carpenter,April_Carpenter@page.com,19710929,97274415,True,April,Carpenter,Carpenter_52716
Rachel Garcia,Rachel_Garcia@neal.com,19961021,87786127,True,Rachel,Garcia,Garcia_24f0a
Patrick Madden,Patrick_Madden@sanders.com,19941101,35389647,True,Patrick,Madden,Madden_e759b
Angela Myers,Angela_Myers@rodriguez.com,19740126,59457063,True,Angela,Myers,Myers_414bc
Wayne Baker,Wayne_Baker@brown.com,19671227,92067207,True,Wayne,Baker,Baker_b3b8c
Haley Cox,Haley_Cox@lewis.com,19641001,27911351,True,Haley,Cox,Cox_dbf9b
Dan Sanders,Dan_Sanders@klein-hernandez.com,19500813,30043759,True,Dan,Sanders,Sanders_7ead2
Timothy Boyle,Timothy_Boyle@roach.net,19840608,49033195,True,Timothy,Boyle,Boyle_de290
Thomas Fisher,Thomas_Fisher@phillips.com,19850415,99090999,True,Thomas,Fisher,Fisher_d2182
Taylor Lopez,Taylor_Lopez@jones-salazar.com,19570522,17889439,True,Taylor,Lopez,Lopez_fc004
Cynthia Ortiz,Cynthia_Ortiz@mathis.com,19590706,91591279,True,Cynthia,Ortiz,Ortiz_f90a1
Jeffrey Macias,Jeffrey_Macias@cox.com,19901003,98485783,True,Jeffrey,Macias,Macias_33c45
Brian Drake,Brian_Drake@hurst-price.net,19620211,83466007,True,Brian,Drake,Drake_c3e0a
Anna Austin,Anna_Austin@mcguire.com,19991122,83758091,True,Anna,Austin,Austin_e7d08
Joel Clark,Joel_Clark@mcclain.com,19580712,65159231,True,Joel,Clark,Clark_75f19
Deborah Olson,Deborah_Olson@greene.com,19570805,92118339,True,Deborah,Olson,Olson_dc39a
Michael Love,Michael_Love@rodriguez-martinez.net,20020321,41033095,True,Michael,Love,Love_efa22
Timothy Jordan,Timothy_Jordan@young.com,19991228,77411263,True,Timothy,Jordan,Jordan_c0891
Kathy Leblanc,Kathy_Leblanc@warren-gray.com,19810227,69067343,True,Kathy,Leblanc,Leblanc_46924
William Floyd,William_Floyd@duran.com,19720713,27758191,True,William,Floyd,Floyd_b5871
Angela Hayden,Angela_Hayden@barry.net,19960623,28574351,True,Angela,Hayden,Hayden_2f636
Renee Hodges,Renee_Hodges@hamilton.com,19871228,63899519,True,Renee,Hodges,Hodges_58d99
Samantha Miller,Samantha_Miller@mcmahon.com,19650406,41451647,True,Samantha,Miller,Miller_0097b
Lauren Orozco,Lauren_Orozco@sanchez.com,20000126,71540231,True,Lauren,Orozco,Orozco_b6445
Destiny Johns,Destiny_Johns@hayes.com,19731201,89233575,True,Destiny,Johns,Johns_6ecc8
Jennifer Davis,Jennifer_Davis@nguyen.com,19931018,72513603,True,Jennifer,Davis,Davis_31092
April Owen,April_Owen@sanchez.com,19670923,16552967,True,April,Owen,Owen_9451a
Evan Russell,Evan_Russell@ferguson.net,19590120,75209343,True,Evan,Russell,Russell_ca296
Jordan Cruz,Jordan_Cruz@clark-dickerson.com,19580323,42355435,True,Jordan,Cruz,Cruz_6a849
Brent Castaneda,Brent_Castaneda@garcia.com,19580307,80875871,True,Brent,Castaneda,Castaneda_34098
Gregory Peters,Gregory_Peters@ray.net,19900902,78256247,True,Gregory,Peters,Peters_dd24e
Jason Malone,Jason_Malone@allen.com,19550503,47278299,True,Jason,Malone,Malone_7672e
Matthew Salazar,Matthew_Salazar@jones-jones.com,19991211,50895327,True,Matthew,Salazar,Salazar_648db
Martin Morris,Martin_Morris@garcia.com,19930810,47193651,True,Martin,Morris,Morris_643b9
Natasha Martinez,Natasha_Martinez@west.com,19680418,55194439,True,Natasha,Martinez,Martinez_3aba2
Charles Powell,Charles_Powell@knight.com,19970906,47215879,True,Charles,Powell,Powell_80d85
Brian Powell,Brian_Powell@hernandez.com,19591115,67153775,True,Brian,Powell,Powell_f07d0
Laura Sandoval,Laura_Sandoval@brown.com,19860913,17475623,True,Laura,Sandoval,Sandoval_1d3e6
Charles Gonzalez,Charles_Gonzalez@navarro.com,19710404,94465511,True,Charles,Gonzalez,Gonzalez_72365
Nicholas Caldwell,Nicholas_Caldwell@hurley-bass.com,19770714,42525999,True,Nicholas,Caldwell,Caldwell_dbd4d
Brian Wyatt,Brian_Wyatt@wright-young.com,19581211,63631399,True,Brian,Wyatt,Wyatt_a77b3
Ryan Garcia,Ryan_Garcia@vazquez-wells.com,19930815,26856535,True,Ryan,Garcia,Garcia_2e63d
Megan Anderson,Megan_Anderson@wilson-murillo.com,19700729,21736903,True,Megan,Anderson,Anderson_03b09
Pamela Hughes,Pamela_Hughes@charles-costa.com,19870613,40181295,True,Pamela,Hughes,Hughes_2afa8
Tiffany Scott,Tiffany_Scott@davis.com,19861110,76272207,True,Tiffany,Scott,Scott_8e639
Stanley Conway,Stanley_Conway@adams.com,19850905,71853567,True,Stanley,Conway,Conway_1116c
Yolanda Petty,Yolanda_Petty@dunlap-brown.com,19910125,69674519,True,Yolanda,Petty,Petty_f992f
Emily Oneal,Emily_Oneal@gutierrez.com,19580118,49152079,True,Emily,Oneal,Oneal_a7dd9
Tara Jones,Tara_Jones@blankenship.net,19850303,49275455,True,Tara,Jones,Jones_75ae5
Christine Cohen,Christine_Cohen@rich-bell.com,19940621,80232231,True,Christine,Cohen,Cohen_92fc9
Daniel Gutierrez,Daniel_Gutierrez@santana-bryan.com,19571103,93799931,True,Daniel,Gutierrez,Gutierrez_a1a58
George Williams,George_Williams@patton.com,19810319,69991287,True,George,Williams,Williams_1a93f
Lori Allen,Lori_Allen@valdez-phillips.com,20020916,28175727,True,Lori,Allen,Allen_ca9a2
Charles Kelly,Charles_Kelly@dalton.com,19690401,62777351,True,Charles,Kelly,Kelly_20a6e
Jonathan Villa,Jonathan_Villa@suarez.com,19751203,80471287,True,Jonathan,Villa,Villa_afabb
Cindy Jackson,Cindy_Jackson@garcia-burch.com,19670727,60954247,True,Cindy,Jackson,Jackson_046a8
Scott Williams,Scott_Williams@keller-wong.com,19800803,85799255,True,Scott,Williams,Williams_5ae2e
Dylan Hernandez,Dylan_Hernandez@singleton-johnson.com,19950301,31405951,True,Dylan,Hernandez,Hernandez_aa991
Michelle Garcia,Michelle_Garcia@lynch.com,19801017,52895823,True,Michelle,Garcia,Garcia_dc700
Matthew Bailey,Matthew_Bailey@benjamin.com,19870728,39436023,True,Matthew,Bailey,Bailey_d02a5
Kristin Edwards,Kristin_Edwards@short.com,19820603,22435107,True,Kristin,Edwards,Edwards_96cab
Kristen Kirk,Kristen_Kirk@ayers.com,19590823,97993751,True,Kristen,Kirk,Kirk_dd8a5
Ruth Carrillo,Ruth_Carrillo@paul.com,19790905,43751451,True,Ruth,Carrillo,Carrillo_84ae9
Jacob Stephenson,Jacob_Stephenson@larson-stevenson.net,19541111,75359427,True,Jacob,Stephenson,Stephenson_deb21
Curtis Flynn,Curtis_Flynn@cook-drake.com,19780926,58787463,True,Curtis,Flynn,Flynn_9dfae
Thomas Perez,Thomas_Perez@greene-lopez.com,19630220,96377439,True,Thomas,Perez,Perez_2e34a
Sheri Kline,Sheri_Kline@hinton.com,19940609,33546343,True,Sheri,Kline,Kline_230f2
Jeff Baker,Jeff_Baker@bentley.com,19670424,57871767,True,Jeff,Baker,Baker_88924
William Powell,William_Powell@harrell.com,19670721,71832243,True,William,Powell,Powell_5bd5b
Shannon Thomas,Shannon_Thomas@dawson-alexander.com,19680903,18892279,True,Shannon,Thomas,Thomas_6e5de
Jeffrey Murray,Jeffrey_Murray@jones.net,19821221,27473887,True,Jeffrey,Murray,Murray_213e8
Carla Jackson,Carla_Jackson@morris.com,19940715,44275151,True,Carla,Jackson,Jackson_252fd
Kristin Wagner,Kristin_Wagner@clayton.com,19970129,66045343,True,Kristin,Wagner,Wagner_656fd
Kathleen Rodriguez,Kathleen_Rodriguez@frost-james.com,19671005,65397891,True,Kathleen,Rodriguez,Rodriguez_360ed
Nicole Shea,Nicole_Shea@mcclure.com,19560102,28795599,True,Nicole,Shea,Shea_e6709
