name,email,date_of_birth,mobile_no,above_18,first_name,last_name,membership_id
William Dixon,William_Dixon@woodward-fuller.biz,19860110,40601711,True,William,Dixon,Dixon_9237a
Sarah Jacobson,Sarah_Jacobson@mclean-jacobs.info,19580309,61071779,True,Sarah,Jacobson,Jacobson_bcfe3
Kayla Shannon,Kayla_Shannon@hendricks-hunter.org,19840517,51323743,True,Kayla,Shannon,Shannon_48cf7
Bobby Ward,Bobby_Ward@bailey-taylor.org,19641006,64672783,True,Bobby,Ward,Ward_f5dd7
James Johnston,James_Johnston@fox-brandt.org,19681016,52358919,True,James,Johnston,Johnston_cfac9
James Smith,James_Smith@perez-cole.info,19660225,85794215,True,James,Smith,Smith_52838
Randy Mora,Randy_Mora@herrera-strong.biz,19931127,77326903,True,Randy,Mora,Mora_11021
Jacqueline Williams,Jacqueline_Williams@bell-salas.biz,19910810,48250447,True,Jacqueline,Williams,Williams_7bd6d
Elizabeth Moore,Elizabeth_Moore@kelley.biz,19750524,92096903,True,Elizabeth,Moore,Moore_b0348
Leah Myers,Leah_Myers@nichols-davies.info,19860905,65720823,True,Leah,Myers,Myers_71afa
Daniel Miller,Daniel_Miller@jackson.info,20000119,86343895,True,Daniel,Miller,Miller_aae34
Nicholas Hubbard,Nicholas_Hubbard@day.info,19641224,36966279,True,Nicholas,Hubbard,Hubbard_48361
Amanda Richards,Amanda_Richards@ramirez.biz,19701223,32284303,True,Amanda,Richards,Richards_28300
Whitney Wallace,Whitney_Wallace@valdez.info,19780930,97125103,True,Whitney,Wallace,Wallace_8896f
Edward Burns,Edward_Burns@graham.org,19510618,68976471,True,Edward,Burns,Burns_f1f4e
Allen Rogers,Allen_Rogers@lewis.org,19610305,88834151,True,Allen,Rogers,Rogers_26330
Leslie Moore,Leslie_Moore@waller.org,19841209,13237891,True,Leslie,Moore,Moore_76bfa
Micheal Blackburn,Micheal_Blackburn@lewis.org,19621010,70637879,True,Micheal,Blackburn,Blackburn_6c599
James Mays,James_Mays@daniel.biz,19691013,56033271,True,James,Mays,Mays_cc248
Michelle Johnson,Michelle_Johnson@smith.org,19670820,94747727,True,Michelle,Johnson,Johnson_260de
Adam Huang,Adam_Huang@brown.info,19991030,19505759,True,Adam,Huang,Huang_93cd5
Michael Johnson,Michael_Johnson@smith.biz,19950423,50520919,True,Michael,Johnson,Johnson_308ec
John Henry,John_Henry@blake.info,19670306,49860879,True,John,Henry,Henry_437da
Brandon Marshall,Brandon_Marshall@thompson.org,19860415,12250471,True,Brandon,Marshall,Marshall_a9eb8
James Johnson,James_Johnson@greene.biz,20021216,21476871,True,James,Johnson,Johnson_cc5cb
Kendra Dawson,Kendra_Dawson@hernandez.biz,19510407,82622519,True,Kendra,Dawson,Dawson_65ff8
Thomas Anderson,Thomas_Anderson@perez.biz,19840703,75106319,True,Thomas,Anderson,Anderson_65681
Rose Stanton,Rose_Stanton@coleman.info,19650830,19285375,True,Rose,Stanton,Stanton_6afa1
Rebecca Thompson,Rebecca_Thompson@ferrell.biz,19980720,98761031,True,Rebecca,Thompson,Thompson_c62fb
Elizabeth Bell,Elizabeth_Bell@nguyen.org,20010329,20192319,True,Elizabeth,Bell,Bell_f5f5d
Jessica Moore,Jessica_Moore@mooney.biz,19610212,43701951,True,Jessica,Moore,Moore_3fa70
Levi Vaughn,Levi_Vaughn@mason.biz,19531124,20939863,True,Levi,Vaughn,Vaughn_d8a75
George Stark,George_Stark@ortiz.info,19700414,45068735,True,George,Stark,Stark_e3010
Jeffrey Salas,Jeffrey_Salas@hernandez-weber.org,19910908,86359023,True,Jeffrey,Salas,Salas_0780b
April Taylor,April_Taylor@johnson-hayes.biz,19550314,27461167,True,April,Taylor,Taylor_9fc7c
Erica Vaughn,Erica_Vaughn@erickson-evans.org,19581113,83472491,True,Erica,Vaughn,Vaughn_e6dc7
Roberto Sparks,Roberto_Sparks@pope.biz,19790706,88401951,True,Roberto,Sparks,Sparks_00bbc
Matthew Lucero,Matthew_Lucero@bowers-pham.info,19900508,52221639,True,Matthew,Lucero,Lucero_6accf
Kerry Branch,Kerry_Branch@mays.biz,19740423,66079175,True,Kerry,Branch,Branch_1c723
Randy Rodriguez,Randy_Rodriguez@lopez.org,19811019,80174711,True,Randy,Rodriguez,Rodriguez_84636
Brian Curtis,Brian_Curtis@higgins.biz,19661020,55737919,True,Brian,Curtis,Curtis_ce79f
Brian Brown,Brian_Brown@anderson.org,19540910,98374567,True,Brian,Brown,Brown_83c0c
Linda Woods,Linda_Woods@nelson.biz,20021216,53675487,True,Linda,Woods,Woods_8cb02
Adrian Price,Adrian_Price@soto-diaz.biz,19710616,73308247,True,Adrian,Price,Price_5ae5e
Brooke Johnson,Brooke_Johnson@tyler.org,19910415,55029023,True,Brooke,Johnson,Johnson_e1320
Melissa Wood,Melissa_Wood@sharp.info,19720205,76325591,True,Melissa,Wood,Wood_8f074
Michael Murphy,Michael_Murphy@warren.biz,19780508,97486607,True,Michael,Murphy,Murphy_22541
Kelly Rogers,Kelly_Rogers@carr.info,19940920,47022791,True,Kelly,Rogers,Rogers_02e5d
Stacy Hansen,Stacy_Hansen@braun.biz,19810615,59308935,True,Stacy,Hansen,Hansen_1a3bd
Tina Fitzpatrick,Tina_Fitzpatrick@marshall-howard.org,19520205,11883967,True,Tina,Fitzpatrick,Fitzpatrick_364a4
Andrea Page,Andrea_Page@murphy-nelson.info,19720326,59221239,True,Andrea,Page,Page_01c79
Nathan Nielsen,Nathan_Nielsen@smith-coleman.info,19570325,22721639,True,Nathan,Nielsen,Nielsen_256c2
Charles Mendoza,Charles_Mendoza@watts.org,19521109,56858727,True,Charles,Mendoza,Mendoza_eb2c4
Cristina Gray,Cristina_Gray@hoover-jones.info,19780424,15558739,True,Cristina,Gray,Gray_f7705
Anthony Baker,Anthony_Baker@burns.biz,19890725,50598455,True,Anthony,Baker,Baker_9b6f0
Angel Johnson,Angel_Johnson@anderson.info,19571128,12270279,True,Angel,Johnson,Johnson_898c0
Paul Allen,Paul_Allen@jacobs-walker.info,19681110,44110375,True,Paul,Allen,Allen_ebbd7
Adam Morales,Adam_Morales@simpson-velazquez.info,19910404,12197423,True,Adam,Morales,Morales_a74c4
Randall Scott,Randall_Scott@hernandez.biz,19710903,98399307,True,Randall,Scott,Scott_142b9
Cynthia Harrington,Cynthia_Harrington@adams.info,19790724,48879875,True,Cynthia,Harrington,Harrington_38a09
Michael Brady,Michael_Brady@miller.biz,19830113,56592895,True,Michael,Brady,Brady_c6591
Brian Pham,Brian_Pham@allen.info,19860127,35052023,True,Brian,Pham,Pham_f6bce
Timothy Nguyen,Timothy_Nguyen@johnson-jacobs.biz,20011129,68379127,True,Timothy,Nguyen,Nguyen_d851c
Kirsten Williams,Kirsten_Williams@mitchell.info,19511204,28193351,True,Kirsten,Williams,Williams_f172b
Tina Weaver,Tina_Weaver@hoffman-clarke.info,19870325,47969919,True,Tina,Weaver,Weaver_ae8ea
Jennifer Ortiz,Jennifer_Ortiz@waters-cervantes.info,19810707,23476599,True,Jennifer,Ortiz,Ortiz_91682
Shane Bradley,Shane_Bradley@pratt-roberts.info,19761005,32566207,True,Shane,Bradley,Bradley_49231
Tracy Butler,Tracy_Butler@allison.info,19570205,45435383,True,Tracy,Butler,Butler_3a01e
Amber Sims,Amber_Sims@murphy.biz,19730327,43947559,True,Amber,Sims,Sims_aa09e
Tiffany Carrillo,Tiffany_Carrillo@hoover-brown.org,19930516,72843351,True,Tiffany,Carrillo,Carrillo_844b0
Donna Lewis,Donna_Lewis@myers-dominguez.org,19800422,86779671,True,Donna,Lewis,Lewis_177be
Douglas Morgan,Douglas_Morgan@fritz-duncan.biz,19520320,51636655,True,Douglas,Morgan,Morgan_b8729
Devon Roberts,Devon_Roberts@lewis.biz,20031030,81450999,True,Devon,Roberts,Roberts_8daef
Christina Mann,Christina_Mann@watson.info,19530425,18391991,True,Christina,Mann,Mann_6c077
Victor Marsh,Victor_Marsh@smith-olson.org,19710809,52026823,True,Victor,Marsh,Marsh_93397
Benjamin Griffin,Benjamin_Griffin@brown.org,19620129,17280391,True,Benjamin,Griffin,Griffin_4af3b
James Davidson,James_Davidson@brown.info,19551214,67973167,True,James,Davidson,Davidson_335a4
John Douglas,John_Douglas@jensen.info,19990302,22072627,True,John,Douglas,Douglas_b872b
Thomas Nelson,Thomas_Nelson@brandt.info,19931002,12978607,True,Thomas,Nelson,Nelson_9806a
Thomas Horne,Thomas_Horne@floyd.info,19710718,82457007,True,Thomas,Horne,Horne_b5e11
Cathy Todd,Cathy_Todd@acevedo.biz,19640421,74009191,True,Cathy,Todd,Todd_9f1b6
Vicki Harmon,Vicki_Harmon@fry.org,19880902,20227951,True,Vicki,Harmon,Harmon_76ab3
Paige Kemp,Paige_Kemp@green.org,19840331,94316667,True,Paige,Kemp,Kemp_c16aa
Joseph Bond,Joseph_Bond@may.biz,19610827,58099375,True,Joseph,Bond,Bond_638dd
Joann Patel,Joann_Patel@king.info,20031113,83570903,True,Joann,Patel,Patel_a3b03
Donna Harris,Donna_Harris@walter.biz,20030614,54582023,True,Donna,Harris,Harris_a27f1
Thomas Glover,Thomas_Glover@kane.biz,19670814,41433683,True,Thomas,Glover,Glover_44e24
Ryan Fischer,Ryan_Fischer@smith.biz,19770812,48151867,True,Ryan,Fischer,Fischer_42bce
Kathryn Morris,Kathryn_Morris@martin-diaz.biz,19660605,12198603,True,Kathryn,Morris,Morris_7c175
Jonathan Henry,Jonathan_Henry@mccoy.info,19810227,60113947,True,Jonathan,Henry,Henry_9d8a0
Lori Morales,Lori_Morales@snow-boyd.biz,19701012,46595111,True,Lori,Morales,Morales_e4ccd
Tony Howard,Tony_Howard@gutierrez.org,19530211,62993627,True,Tony,Howard,Howard_5915f
Nicole Rivas,Nicole_Rivas@liu.org,19941124,45622759,True,Nicole,Rivas,Rivas_a1bbc
Robert Hunter,Robert_Hunter@foster-woodward.info,19761021,80356607,True,Robert,Hunter,Hunter_8d250
Mike Hudson,Mike_Hudson@wilson-snyder.info,19860807,75936847,True,Mike,Hudson,Hudson_4d7da
Antonio Gray,Antonio_Gray@jackson-bell.org,19710315,56973759,True,Antonio,Gray,Gray_6b1e0
Cynthia Crawford,Cynthia_Crawford@miller-fowler.org,19650925,97822935,True,Cynthia,Crawford,Crawford_9cbe2
Shawn Shelton,Shawn_Shelton@dixon.biz,19630124,62583727,True,Shawn,Shelton,Shelton_ebbe4
Patricia Martinez,Patricia_Martinez@stewart.info,19621202,61469863,True,Patricia,Martinez,Martinez_5ee6d
Sylvia Moon,Sylvia_Moon@mcintyre.biz,20030725,37974511,True,Sylvia,Moon,Moon_3aa15
Sharon Young,Sharon_Young@cordova.biz,19920204,57220335,True,Sharon,Young,Young_7c066
Karen Erickson,Karen_Erickson@roman.org,19781004,68245335,True,Karen,Erickson,Erickson_709ff
Melvin Butler,Melvin_Butler@hardy.org,19571114,64154343,True,Melvin,Butler,Butler_0a151
Darius Phillips,Darius_Phillips@mercado.biz,20020614,16737247,True,Darius,Phillips,Phillips_c40db
Hailey Miller,Hailey_Miller@gay.org,19710217,44016239,True,Hailey,Miller,Miller_306f7
Hector Rivera,Hector_Rivera@oconnor.info,19560911,23153231,True,Hector,Rivera,Rivera_0bf0e
Scott Bonilla,Scott_Bonilla@jones-holmes.info,19861002,81577447,True,Scott,Bonilla,Bonilla_31b52
Yolanda Morris,Yolanda_Morris@robles.info,19720210,99156595,True,Yolanda,Morris,Morris_a4b8f
Jeremiah Robertson,Jeremiah_Robertson@brooks-patrick.info,19621012,38471223,True,Jeremiah,Robertson,Robertson_435f6
Joseph Sanchez,Joseph_Sanchez@martinez-hoffman.biz,19560913,90996671,True,Joseph,Sanchez,Sanchez_36f6c
Joe Moody,Joe_Moody@johnson-watts.biz,19990405,97781031,True,Joe,Moody,Moody_593df
Robert Cabrera,Robert_Cabrera@kim.org,19950706,99768879,True,Robert,Cabrera,Cabrera_b4287
