name,email,date_of_birth,mobile_no,above_18,first_name,last_name,membership_id
Sherry Gonzalez,Sherry_Gonzalez@caldwell.biz,19730314,66744895,True,Sherry,Gonzalez,Gonzalez_055d0
David Brown,David_Brown@jackson-smith.biz,20010922,69082983,True,David,Brown,Brown_da475
Denise Glass,Denise_Glass@calderon.org,19820531,77863943,True,Denise,Glass,Glass_661af
Billy Knight,Billy_Knight@thomas.biz,19550127,49833743,True,Billy,Knight,Knight_ece75
Lori Zimmerman,Lori_Zimmerman@smith-bradley.biz,19980217,14572007,True,Lori,Zimmerman,Zimmerman_0370b
Evan Bradford,Evan_Bradford@may.biz,19551101,28249239,True,Evan,Bradford,Bradford_f20c1
Rebekah Jackson,Rebekah_Jackson@cook.info,19680514,14674871,True,Rebekah,Jackson,Jackson_b2fcb
Amber Smith,Amber_Smith@ho.biz,19681229,54476327,True,Amber,Smith,Smith_13ea6
Derek Romero,Derek_Romero@ramos.org,19670806,35013079,True,Derek,Romero,Romero_aa3bc
Beth Hall,Beth_Hall@brown.org,19600712,99313667,True,Beth,Hall,Hall_5f68c
John Howell,John_Howell@sims.biz,19590821,77275467,True,John,Howell,Howell_9ac1a
Wesley Combs,Wesley_Combs@bright-zimmerman.biz,19651230,43019751,True,Wesley,Combs,Combs_585e1
Charles Shields,Charles_Shields@oliver.org,19790407,54884063,True,Charles,Shields,Shields_7c7c5
Christopher Cline,Christopher_Cline@conrad.org,19580228,21240567,True,Christopher,Cline,Cline_678d8
James Cordova,James_Cordova@rodriguez.info,19580904,94075463,True,James,Cordova,Cordova_86482
Christopher Newman,Christopher_Newman@campbell.info,19950925,93133527,True,Christopher,Newman,Newman_353d1
Kelly Bailey,Kelly_Bailey@cherry.info,19960217,43647431,True,Kelly,Bailey,Bailey_af27b
Gregory Lambert,Gregory_Lambert@williams.org,19751007,26598607,True,Gregory,Lambert,Lambert_8a26a
Justin White,Justin_White@lucas-moore.info,20010721,34278303,True,Justin,White,White_bac2c
Rachel Browning,Rachel_Browning@smith.info,19611017,19703607,True,Rachel,Browning,Browning_34262
John Fernandez,John_Fernandez@may.org,19800530,17232207,True,John,Fernandez,Fernandez_c5aa4
Christopher Lester,Christopher_Lester@keller.org,19540504,79532575,True,Christopher,Lester,Lester_df9e3
Alicia Dean,Alicia_Dean@leon.org,19820716,32173895,True,Alicia,Dean,Dean_597b4
Valerie Boyd,Valerie_Boyd@marshall-ross.info,20010327,28593615,True,Valerie,Boyd,Boyd_038a8
Jimmy Hall,Jimmy_Hall@spence-knapp.biz,19550930,45553567,True,Jimmy,Hall,Hall_3a6f9
Gary Murphy,Gary_Murphy@singleton.info,19991210,96047135,True,Gary,Murphy,Murphy_5c48e
Andrew Gibson,Andrew_Gibson@yu-richardson.org,19530809,15513119,True,Andrew,Gibson,Gibson_1da45
Ian Deleon,Ian_Deleon@mullins-espinoza.org,19860307,36389911,True,Ian,Deleon,Deleon_1d0bf
Jay Merritt,Jay_Merritt@patterson.org,19841017,46065855,True,Jay,Merritt,Merritt_35da4
Joseph Acosta,Joseph_Acosta@hansen.biz,19670418,44115387,True,Joseph,Acosta,Acosta_8ee3c
Brittany Joyce,Brittany_Joyce@thomas.biz,19601114,65804583,True,Brittany,Joyce,Joyce_7c794
Kathleen Flynn,Kathleen_Flynn@boyd-king.biz,19870913,93605471,True,Kathleen,Flynn,Flynn_316f4
Dawn Miranda,Dawn_Miranda@werner.info,19550922,59274615,True,Dawn,Miranda,Miranda_4f43e
Erica Pruitt,Erica_Pruitt@ross-lamb.biz,19800923,31838831,True,Erica,Pruitt,Pruitt_30d59
Hayley Gibson,Hayley_Gibson@calderon.info,19990812,50365367,True,Hayley,Gibson,Gibson_079fe
Kenneth Cortez,Kenneth_Cortez@lewis.biz,20000518,39338615,True,Kenneth,Cortez,Cortez_84208
Joshua Jones,Joshua_Jones@hanson.biz,19810920,30317003,True,Joshua,Jones,Jones_2466e
Brenda Turner,Brenda_Turner@hampton.org,19550726,94128415,True,Brenda,Turner,Turner_ff9cd
Matthew Brown,Matthew_Brown@owens.org,19720606,21970879,True,Matthew,Brown,Brown_c72c8
Christopher Greene,Christopher_Greene@berry.org,19880101,82039695,True,Christopher,Greene,Greene_90d56
Christian Peterson,Christian_Peterson@arnold.biz,19760222,41536527,True,Christian,Peterson,Peterson_47a99
Brandon Gonzalez,Brandon_Gonzalez@moore.info,19620131,80247655,True,Brandon,Gonzalez,Gonzalez_00529
Chase Reed,Chase_Reed@robbins.info,19580821,58795239,True,Chase,Reed,Reed_8e44f
Timothy Nichols,Timothy_Nichols@smith.biz,19680106,76207631,True,Timothy,Nichols,Nichols_7bc95
William Dunn,William_Dunn@wilkins.info,19570101,57063847,True,William,Dunn,Dunn_5cf0d
Jon James,Jon_James@owens.biz,19750120,53852103,True,Jon,James,James_be140
Lindsay Brewer,Lindsay_Brewer@brown-stewart.info,19530818,38137071,True,Lindsay,Brewer,Brewer_9973b
Shelly Warren,Shelly_Warren@patterson-knight.info,19561208,11973823,True,Shelly,Warren,Warren_db16b
Thomas Turner,Thomas_Turner@boyer-santos.info,19730528,12514951,True,Thomas,Turner,Turner_10a24
Edward Pearson,Edward_Pearson@hester-richardson.info,19880227,49439343,True,Edward,Pearson,Pearson_15035
Vanessa Alvarez,Vanessa_Alvarez@allen.org,20000924,42263183,True,Vanessa,Alvarez,Alvarez_97817
Michael Smith,Michael_Smith@mccarthy-hayes.info,19680424,13638487,True,Michael,Smith,Smith_a3e79
Monique Thompson,Monique_Thompson@davis.biz,19960715,69671135,True,Monique,Thompson,Thompson_2cd02
Loretta Haynes,Loretta_Haynes@stewart.info,19891215,73871583,True,Loretta,Haynes,Haynes_256ac
Beverly Leon,Beverly_Leon@vance.info,19931108,50638447,True,Beverly,Leon,Leon_89c25
Nicholas Hughes,Nicholas_Hughes@reed-wilson.org,19620408,27277679,True,Nicholas,Hughes,Hughes_0b051
Wesley Lowery,Wesley_Lowery@suarez.biz,19980620,33838415,True,Wesley,Lowery,Lowery_56652
Corey Mitchell,Corey_Mitchell@turner-thompson.org,19560302,65463735,True,Corey,Mitchell,Mitchell_cb4df
Chelsea Chen,Chelsea_Chen@coleman-haney.biz,19870504,63416567,True,Chelsea,Chen,Chen_f5729
Melinda Fitzpatrick,Melinda_Fitzpatrick@davis.info,19620408,32113511,True,Melinda,Fitzpatrick,Fitzpatrick_e0ef7
Victoria Moore,Victoria_Moore@ramirez.biz,19920116,63232827,True,Victoria,Moore,Moore_d18e7
Travis Johnson,Travis_Johnson@miller-rivera.org,19960805,56146735,True,Travis,Johnson,Johnson_7dd4e
Jeff Wilson,Jeff_Wilson@booker.biz,19500712,20197287,True,Jeff,Wilson,Wilson_cd730
Kayla Brown,Kayla_Brown@pierce.info,19891018,54681543,True,Kayla,Brown,Brown_a6665
Robert Howard,Robert_Howard@kim.info,19670717,80566095,True,Robert,Howard,Howard_09ba6
Katherine Smith,Katherine_Smith@bean-king.org,20031029,44340415,True,Katherine,Smith,Smith_d44f8
Mariah Garrison,Mariah_Garrison@hogan.biz,19971215,31527511,True,Mariah,Garrison,Garrison_1122e
Daniel Brown,Daniel_Brown@williams-schneider.biz,19650228,38844959,True,Daniel,Brown,Brown_545ed
Madeline Sandoval,Madeline_Sandoval@schultz-duncan.biz,19870402,32032871,True,Madeline,Sandoval,Sandoval_c35de
Robert Dickerson,Robert_Dickerson@howard.biz,19570725,43682807,True,Robert,Dickerson,Dickerson_3bcd3
Jamie Higgins,Jamie_Higgins@francis.org,19611014,27639911,True,Jamie,Higgins,Higgins_b0323
Jennifer Evans,Jennifer_Evans@gonzalez.org,19730203,72801079,True,Jennifer,Evans,Evans_5687d
Rebecca Gallagher,Rebecca_Gallagher@miller-carter.org,19670916,48595111,True,Rebecca,Gallagher,Gallagher_7b123
Jasmine Flores,Jasmine_Flores@collins.info,19560410,21325447,True,Jasmine,Flores,Flores_a8ef8
Beth Morales,Beth_Morales@leon-mayer.info,19860530,22507695,True,Beth,Morales,Morales_644bc
Joseph Wilson,Joseph_Wilson@rogers.biz,19891210,36511255,True,Joseph,Wilson,Wilson_aeadb
Trevor Valenzuela,Trevor_Valenzuela@cline-espinoza.info,19910911,67310711,True,Trevor,Valenzuela,Valenzuela_9fd87
Derek Wolf,Derek_Wolf@hill.biz,20030618,63113543,True,Derek,Wolf,Wolf_a990b
Megan Montoya,Megan_Montoya@perez-rice.org,19780907,29894903,True,Megan,Montoya,Montoya_c62f0
Samantha George,Samantha_George@golden.info,19890331,58989271,True,Samantha,George,George_c8fbb
Bryan Martinez,Bryan_Martinez@bennett-mitchell.info,19610604,45478631,True,Bryan,Martinez,Martinez_34372
Andrew Gallagher,Andrew_Gallagher@frank.org,19600921,19919923,True,Andrew,Gallagher,Gallagher_13c41
James Frost,James_Frost@graves.biz,19560322,30684495,True,James,Frost,Frost_2eac0
Emily Graham,Emily_Graham@santos-rivera.biz,19741102,40238535,True,Emily,Graham,Graham_03dac
Tina Wood,Tina_Wood@schultz.org,19990824,51264359,True,Tina,Wood,Wood_ade03
Kathy White,Kathy_White@wang.info,20000615,91622367,True,Kathy,White,White_93dcd
Trevor Brown,Trevor_Brown@stokes.info,19691030,45715591,True,Trevor,Brown,Brown_de936
Brandon Murphy,Brandon_Murphy@luna.info,19550409,33155895,True,Brandon,Murphy,Murphy_9897c
Paul Ward,Paul_Ward@sanchez-larsen.org,19550908,19119523,True,Paul,Ward,Ward_627e3
Doris Meyer,Doris_Meyer@sullivan.org,19720902,22782935,True,Doris,Meyer,Meyer_bab78
Tyler Parker,Tyler_Parker@sheppard.org,19541202,29910975,True,Tyler,Parker,Parker_d71af
Kyle Morales,Kyle_Morales@perry.info,19991113,32120287,True,Kyle,Morales,Morales_bbd49
Megan Sullivan,Megan_Sullivan@miller-ryan.org,19550223,31498887,True,Megan,Sullivan,Sullivan_32be3
Joshua Ellis,Joshua_Ellis@gonzalez.biz,19960226,26531367,True,Joshua,Ellis,Ellis_dd969
Briana Vega,Briana_Vega@potter-gomez.biz,19650828,45994079,True,Briana,Vega,Vega_e880c
Jessica Clark,Jessica_Clark@livingston.biz,19821217,56001455,True,Jessica,Clark,Clark_74769
Gabriel Short,Gabriel_Short@fitzgerald-atkinson.org,19860109,93491919,True,Gabriel,Short,Short_a692b
Steve Ellis,Steve_Ellis@barton.info,19651213,55567535,True,Steve,Ellis,Ellis_f0a0b
Sarah Rios,Sarah_Rios@winters.org,19691223,77288975,True,Sarah,Rios,Rios_acac9
Gwendolyn Lane,Gwendolyn_Lane@higgins.biz,19550928,82893815,True,Gwendolyn,Lane,Lane_f512b
Christopher Smith,Christopher_Smith@martinez-bradley.biz,19720128,45772799,True,Christopher,Smith,Smith_81d82
Victoria Jones,Victoria_Jones@camacho.org,19810310,60715727,True,Victoria,Jones,Jones_991ee
Andre West,Andre_West@herrera-rowe.biz,19571117,11479343,True,Andre,West,West_e9110
Michael Hall,Michael_Hall@johnson.biz,19570616,41115111,True,Michael,Hall,Hall_fb4c1
Marcus Villarreal,Marcus_Villarreal@parsons-rogers.info,19561228,25199927,True,Marcus,Villarreal,Villarreal_61565
Melissa Riley,Melissa_Riley@murray.biz,19650818,23879991,True,Melissa,Riley,Riley_2713c
Joshua Brown,Joshua_Brown@smith.biz,19621212,90875247,True,Joshua,Brown,Brown_86ba0
George Clark,George_Clark@hardin.biz,19650625,92490103,True,George,Clark,Clark_c6aa5
Corey Russo,Corey_Russo@ramirez-williams.org,19560105,61159511,True,Corey,Russo,Russo_810c8
Anthony Mills,Anthony_Mills@chang.org,19831003,16676751,True,Anthony,Mills,Mills_4c76b
Julia Chapman,Julia_Chapman@davis-lee.info,19800101,88719991,True,Julia,Chapman,Chapman_80829
Kelly Hunter,Kelly_Hunter@fuller.info,19870507,46516271,True,Kelly,Hunter,Hunter_b9de6
Jessica Hawkins,Jessica_Hawkins@cooper-hall.org,19711224,98100079,True,Jessica,Hawkins,Hawkins_f20da
Sarah Reed,Sarah_Reed@lane.biz,19960709,26466911,True,Sarah,Reed,Reed_3c272
Ryan Guzman,Ryan_Guzman@walker-hudson.biz,19621016,79930919,True,Ryan,Guzman,Guzman_41ce8
Martin Garza,Martin_Garza@morris.info,19741221,28343727,True,Martin,Garza,Garza_65f90
Mackenzie Anderson,Mackenzie_Anderson@welch.biz,19790522,34401951,True,Mackenzie,Anderson,Anderson_4a2e4
Sonia Lynch,Sonia_Lynch@bowman-mccullough.biz,19631202,66838511,True,Sonia,Lynch,Lynch_abf9a
Elizabeth Barrera,Elizabeth_Barrera@gibbs.biz,20000816,15349719,True,Elizabeth,Barrera,Barrera_e5fef
Michael Avila,Michael_Avila@ramirez.org,19530123,46158431,True,Michael,Avila,Avila_d374b
Amber Mathis,Amber_Mathis@jensen-jensen.info,19680426,41337495,True,Amber,Mathis,Mathis_9013b
Jessica Knight,Jessica_Knight@mcdowell-jones.info,19680528,21071591,True,Jessica,Knight,Knight_28057
Jessica Chavez,Jessica_Chavez@oliver.info,19950325,68367639,True,Jessica,Chavez,Chavez_27192
Grace Phillips,Grace_Phillips@foley-davis.info,19690531,71945055,True,Grace,Phillips,Phillips_6ae4e
Jeffrey Dennis,Jeffrey_Dennis@simmons.org,19840211,25874695,True,Jeffrey,Dennis,Dennis_1e281
Katie Gilmore,Katie_Gilmore@lopez.biz,19871019,83937223,True,Katie,Gilmore,Gilmore_5cce1
Ashley Johnson,Ashley_Johnson@duarte.info,19860627,40141375,True,Ashley,Johnson,Johnson_b0985
Luis Brown,Luis_Brown@medina.org,19540924,86879631,True,Luis,Brown,Brown_55181
Desiree Pham,Desiree_Pham@gomez.org,19980918,21659871,True,Desiree,Pham,Pham_8b38d
Angela Ruiz,Angela_Ruiz@ramirez.org,19980922,32048807,True,Angela,Ruiz,Ruiz_e6a34
David Weaver,David_Weaver@eaton.org,19920527,13469943,True,David,Weaver,Weaver_9b283
Bryan Lewis,Bryan_Lewis@guerrero-harris.org,19660307,41243367,True,Bryan,Lewis,Lewis_c5dea
Amanda Rodriguez,Amanda_Rodriguez@wagner.org,19670215,45111815,True,Amanda,Rodriguez,Rodriguez_da890
Destiny Morris,Destiny_Morris@morris.biz,20020424,34213111,True,Destiny,Morris,Morris_e31a6
Antonio Baker,Antonio_Baker@adams-harrison.biz,19590605,61275895,True,Antonio,Baker,Baker_b3ff3
Jon Mcmillan,Jon_Mcmillan@mcmahon-taylor.biz,19920401,15207695,True,Jon,Mcmillan,Mcmillan_d09fa
Reginald Wheeler,Reginald_Wheeler@brown.biz,19870122,29179575,True,Reginald,Wheeler,Wheeler_1c09e
Elizabeth Richard,Elizabeth_Richard@stewart.biz,19901002,70199975,True,Elizabeth,Richard,Richard_31904
Lisa Smith,Lisa_Smith@black.info,19580819,99884935,True,Lisa,Smith,Smith_73a06
Walter Wiggins,Walter_Wiggins@chen-morris.org,19790522,12487311,True,Walter,Wiggins,Wiggins_9731b
Ashley Wright,Ashley_Wright@callahan-dixon.info,19810823,27446295,True,Ashley,Wright,Wright_3e6b5
Ashley Morris,Ashley_Morris@aguilar-wood.biz,19750329,17176967,True,Ashley,Morris,Morris_4111e
Veronica Obrien,Veronica_Obrien@oneill.biz,20001128,46421095,True,Veronica,Obrien,Obrien_c73f1
Amanda Bernard,Amanda_Bernard@gilmore.info,19860211,52780943,True,Amanda,Bernard,Bernard_28ff2
Robert Johnson,Robert_Johnson@mathis.org,19571114,59478743,True,Robert,Johnson,Johnson_d4fe8
Arthur Hogan,Arthur_Hogan@brown.biz,19820315,80309015,True,Arthur,Hogan,Hogan_ca999
Nicole Watson,Nicole_Watson@simmons.info,19660712,22599395,True,Nicole,Watson,Watson_8c154
Gary Ryan,Gary_Ryan@wright-yu.org,19961010,78108759,True,Gary,Ryan,Ryan_916a8
Mary Moore,Mary_Moore@knight.info,19670720,51073987,True,Mary,Moore,Moore_3f176
Robert Butler,Robert_Butler@weiss-scott.biz,20000521,66234759,True,Robert,Butler,Butler_2db35
Melinda Wang,Melinda_Wang@west.biz,19770906,53607903,True,Melinda,Wang,Wang_d962a
Adam Smith,Adam_Smith@reed-smith.org,19840529,27756583,True,Adam,Smith,Smith_8b44a
Tammy Thompson,Tammy_Thompson@jimenez.org,20020529,13111159,True,Tammy,Thompson,Thompson_7ed10
Jeremy Butler,Jeremy_Butler@allen.biz,20010116,92810031,True,Jeremy,Butler,Butler_af77d
Crystal Fletcher,Crystal_Fletcher@lawrence.info,19610115,34430647,True,Crystal,Fletcher,Fletcher_64208
Michael Porter,Michael_Porter@shepherd.org,19770614,69635251,True,Michael,Porter,Porter_f8082
Sandra Houston,Sandra_Houston@cruz.org,20001102,88159159,True,Sandra,Houston,Houston_627c3
Nicole Perry,Nicole_Perry@ford.info,19530822,81236407,True,Nicole,Perry,Perry_f1a9b
Joseph Bryant,Joseph_Bryant@anderson-gonzalez.biz,19750116,83155355,True,Joseph,Bryant,Bryant_03f33
Daniel Arnold,Daniel_Arnold@kaiser-robinson.info,19971009,88076335,True,Daniel,Arnold,Arnold_7f807
Leslie Lambert,Leslie_Lambert@sutton-aguirre.org,19810406,97188543,True,Leslie,Lambert,Lambert_ef89c
Robert Velasquez,Robert_Velasquez@ramirez-davis.biz,19980506,45353591,True,Robert,Velasquez,Velasquez_43d0b
Stacey Walker,Stacey_Walker@norton.biz,19900129,85917303,True,Stacey,Walker,Walker_be8e6
Julie Leon,Julie_Leon@montgomery.biz,19930313,60535175,True,Julie,Leon,Leon_6d212
Evan Page,Evan_Page@harrison.org,19940808,37848247,True,Evan,Page,Page_3e8ff
Edward Brooks,Edward_Brooks@lane.info,20000404,92929919,True,Edward,Brooks,Brooks_685d4
Kristin Bauer,Kristin_Bauer@gray.biz,19890617,53716731,True,Kristin,Bauer,Bauer_b5194
Leah Perez,Leah_Perez@smith-burns.biz,19751109,34266271,True,Leah,Perez,Perez_85c01
Sarah French,Sarah_French@wright.biz,19810716,14911411,True,Sarah,French,French_f2576
Joseph Bartlett,Joseph_Bartlett@thompson-espinoza.biz,19820215,99932903,True,Joseph,Bartlett,Bartlett_68a47
Christine Campbell,Christine_Campbell@white.info,19821028,29996463,True,Christine,Campbell,Campbell_a4df6
James Lopez,James_Lopez@werner.org,19790618,88866567,True,James,Lopez,Lopez_eaf66
Kirk Donaldson,Kirk_Donaldson@roberts-mills.info,19791230,36131119,True,Kirk,Donaldson,Donaldson_9abf6
Evan Pruitt,Evan_Pruitt@brown.biz,19590321,55413567,True,Evan,Pruitt,Pruitt_0af0d
Karen Shaw,Karen_Shaw@trujillo.info,19750601,81014367,True,Karen,Shaw,Shaw_2e59d
John Vazquez,John_Vazquez@rivera.biz,19620603,73810151,True,John,Vazquez,Vazquez_5e315
Michele Jones,Michele_Jones@leach-taylor.org,19910319,18146159,True,Michele,Jones,Jones_8c38d
Tiffany Cannon,Tiffany_Cannon@keller.org,19710616,47798639,True,Tiffany,Cannon,Cannon_8e500
Robert Johnson,Robert_Johnson@burnett.org,19520518,42600607,True,Robert,Johnson,Johnson_8cdeb
Rachel Maxwell,Rachel_Maxwell@edwards-nguyen.biz,19740513,91714011,True,Rachel,Maxwell,Maxwell_73e70
Courtney Morse,Courtney_Morse@klein.org,19770707,23951715,True,Courtney,Morse,Morse_87824
Eric Hoffman,Eric_Hoffman@lang.info,19750425,99871415,True,Eric,Hoffman,Hoffman_a0ef0
Jessica Dixon,Jessica_Dixon@clark.org,19660816,76336767,True,Jessica,Dixon,Dixon_a3473
David Burton,David_Burton@glover-willis.org,19700402,19798095,True,David,Burton,Burton_410ce
Alexander Hamilton,Alexander_Hamilton@allen-gillespie.org,19641104,28127271,True,Alexander,Hamilton,Hamilton_0eb41
